<?xml version="1.0"?>
<Model>
  <Capabilities>
    <Capability ID="AboutLogo" PRINTERTYPE="MonoPrinter" VALUE="TRUE"/>
    <Capability ID="AboutHelp" VALUE="TRUE"/>
    <Capability ID="AboutInfo" VALUE="TRUE"/>
    <Capability ID="AboutService" VALUE="TRUE">
      <Items>
        <!--Item VALUE="2" URL="URL_3">Updates</Item-->
        <Item VALUE="0" URL="URL_1">Website</Item>
        <!--Item VALUE="3" URL="URL_4">Registration</Item-->
        <!--Item VALUE="1" URL="URL_2">Supplies</Item-->
      </Items>
    </Capability>
    <Capability ID="AdjustmentLevels" VALUE="FALSE"/>
    <Capability ID="AdjustmentColorMatching" VALUE="FALSE">
      <Items>
        <Item VALUE="0">Default</Item> 
        <Item VALUE="1">ICM Setting</Item> 
        <Item VALUE="2">RGB Color</Item> 
        <!--<Item VALUE="3">Regional Table</Item>-->
      </Items>
    </Capability>    
    <Capability ID="ICMSetting" VALUE="TRUE">
      <Items>
        <!--Item VALUE="0">Off</Item-->
        <Item VALUE="1">Perceptual</Item>
        <Item VALUE="2">Saturation</Item>
        <Item VALUE="3">Colorimetric</Item>
      </Items>
    </Capability>
    <Capability ID="RGBColor" VALUE="TRUE">
      <Items>
        <Item VALUE="0">Standard</Item>
        <Item VALUE="1">Vivid</Item>
        <Item VALUE="2">Device</Item>
        <!--Item VALUE="3">Corporate Imaging</Item-->
      </Items>
    </Capability>
    <Capability ID="RegionalTable" VALUE="TRUE">
      <Items>
        <Item VALUE="0">Basic</Item>
        <Item VALUE="1">American</Item>
        <Item VALUE="2">European</Item>
        <Item VALUE="3">Oriental</Item>
      </Items>
    </Capability>
    <Capability ID="BannerSheet" VALUE="FALSE"/>
    <Capability ID="BlackOnly" VALUE="FALSE"/>
    <Capability ID="ColorMode" VALUE="FALSE"/>
    <Capability ID="Copies" VALUE="TRUE" MAX="999"/>
    <Capability ID="ColorCopies" VALUE="FALSE" MAX="999"/>
    <Capability ID="GrayCopies" VALUE="FALSE"/>
    <Capability ID="Collate" VALUE="TRUE"/>
    <Capability ID="CoverPage" VALUE="FALSE" PAPERTYPE="FALSE" PAPERSIZE="FALSE" PAPERSOURCE="FALSE">
      <Items>
        <Item VALUE="0">None</Item>
        <Item VALUE="1">Front Cover</Item>
        <Item VALUE="2">Back Cover</Item>
        <Item VALUE="3">Front and Back Cover</Item>
      </Items>
    </Capability>
    <Capability ID="CoverOption" VALUE="FALSE">
      <Items>
        <Item VALUE="1">Blank or Preprinted</Item>
        <Item VALUE="3">1-Sided Printed</Item>
        <Item VALUE="4">2-Sided Printed</Item>
      </Items>
    </Capability>
    <Capability ID="DarkenText" VALUE="TRUE"/>
    <Capability ID="DestinationTray" VALUE="FALSE"/>
    <Capability ID="Duplex" VALUE="TRUE" REVERSE="TRUE">
      <Constraints ID="PaperSize" PERMIT="TRUE">
        <Constraint VALUE="1"/>
        <Constraint VALUE="5"/>
        <Constraint VALUE="9"/>
        <Constraint VALUE="14"/>
        <Constraint VALUE="190"/>        
      </Constraints>
      <Constraints ID="PaperType" PERMIT="TRUE">
        <Constraint VALUE="0"/>
        <Constraint VALUE="1"/>
        <Constraint VALUE="6"/>
        <Constraint VALUE="7"/>
        <Constraint VALUE="9"/>
        <Constraint VALUE="11"/>
        <Constraint VALUE="57"/>
      </Constraints>  
      <Items>
        <Item VALUE="3">Printer Default</Item>
        <Item VALUE="0">None</Item>
        <Item VALUE="1">Long Edge</Item>
        <Item VALUE="2">Short Edge</Item>
      </Items>
    </Capability>
    <Capability ID="DuplexManual" VALUE="TRUE" REVERSE="FALSE">      
      <Constraints ID="PaperSize" PERMIT="TRUE">
        <Constraint VALUE="1"/>
        <Constraint VALUE="5"/>
        <Constraint VALUE="190"/>
        <Constraint VALUE="14"/>
        <Constraint VALUE="9"/>
        <Constraint VALUE="34"/>
        <Constraint VALUE="13"/>
        <Constraint VALUE="7"/>
        <Constraint VALUE="11"/>
      </Constraints>
      <Constraints ID="PaperType" PERMIT="TRUE">
        <Constraint VALUE="0"/>
        <Constraint VALUE="1"/>
        <Constraint VALUE="10"/>
        <Constraint VALUE="11"/>
        <Constraint VALUE="9"/>
        <Constraint VALUE="15"/>
      </Constraints>
      <Constraints ID="PaperSource" PERMIT="TRUE">
        <Constraint VALUE="1"/>
        <Constraint VALUE="7"/>
      </Constraints>
      <Items>
        <Item VALUE="0">None</Item>
        <Item VALUE="1">Long Edge</Item>
        <Item VALUE="2">Short Edge</Item>
      </Items>
    </Capability>
    <Capability ID="DuplexUnit" VALUE="FALSE"/>
    <Capability ID="DryTime" VALUE="FALSE"/>
    <Capability ID="InkVolume" VALUE="FALSE"/>
    <Capability ID="Overspray" VALUE="FALSE" LEFTEXTENSION="0" TOPEXTENSION="0" RIGHTEXTENSION="0" BOTTOMEXTENSION="0"/>
    <Capability ID="EmulationLanguage" VALUE="FALSE">
      <Items>
        <Item VALUE="0">SPL</Item>
        <Item VALUE="1">PCL</Item>
      </Items>
    </Capability>
    <Capability ID="Finisher" VALUE="FALSE">
      <Items>
        <Item VALUE="0">None</Item>
        <Item VALUE="4">Multi-Purpose Finisher</Item>
      </Items>
    </Capability>
    <Capability ID="FirstPage" VALUE="TRUE" PAPERTYPE="FALSE"/>
    <Capability ID="LastPage" VALUE="FALSE" PAPERTYPE="FALSE"/>
    <Capability ID="HighAltitude" VALUE="TRUE">
      <Items>
        <Item VALUE="2">Normal</Item>
        <Item VALUE="3">HIGH 1</Item>
        <Item VALUE="4">HIGH 2</Item>
        <Item VALUE="5">HIGH 3</Item>
      </Items>
    </Capability>
    <Capability ID="GrayscaleEnhancement" VALUE="FALSE"/>
    <Capability ID="JobAccounting" VALUE="FALSE"/>
    <Capability ID="LayoutOptions" VALUE="TRUE" FITPAGE="FALSE"/>
    <Capability ID="Scaling" VALUE="TRUE" MINMARGIN="FALSE"/>
    <Capability ID="Offset" VALUE="FALSE">
      <Constraints ID="Finisher" PERMIT="TRUE">
        <Constraint VALUE="4"/>
      </Constraints>
      <Items>
        <Item VALUE="0">None</Item>
        <Item VALUE="1">Offset Each Set</Item>
      </Items>
    </Capability>
    <Capability ID="OptionalHDD" VALUE="FALSE"/>
    <Capability ID="OptionalTray" VALUE="FALSE">
      <Items>
        <Item VALUE="0">None</Item>
        <Item VALUE="1">Tray2</Item>
        <!--<Item VALUE="3">Tray2,3</Item>
        <Item VALUE="4">Tray2,3,4</Item>-->
      </Items>
    </Capability>
    <Capability ID="OptionalTray2" VALUE="FALSE">
      <Items>
        <Item VALUE="1" OPTIONALTRAY="10"/>
        <Item VALUE="3"/>
      </Items>
    </Capability>
    <Capability ID="Orientation" VALUE="TRUE" ROTATE="TRUE" MIRROR="FALSE">
      <Items>
        <Item VALUE="0">0</Item>
        <Item VALUE="180">180</Item>
      </Items>
    </Capability>
    <Capability ID="Watermark" VALUE="TRUE">
      <Items>
        <Item SIZE="WmSizeConf" ANGLE="WmAngleConf" COLOR="8421504" FACENAME="Arial" STYLE="0" FIRSTPAGE="FALSE">Confidential</Item>
        <Item SIZE="WmSizeDraft" ANGLE="WmAngleDraft" COLOR="8421504" FACENAME="Arial" STYLE="0" FIRSTPAGE="FALSE">Draft</Item>
        <Item SIZE="WmSizeSecret" ANGLE="WmAngleSecret" COLOR="8421504" FACENAME="Arial" STYLE="0" FIRSTPAGE="FALSE">TopSecret</Item>
      </Items>
    </Capability>
    <Capability ID="OutputForm" VALUE="FALSE"/>
    <Capability ID="Overlay" VALUE="TRUE"/>
    <Capability ID="JamReprint" VALUE="FALSE"/>
    <Capability ID="PaperSize" VALUE="TRUE">
      <Items>
          <Item LEFT="50" TOP="50" RIGHT="50" BOTTOM="50" HEIGHT="3300" WIDTH="2550" VALUE="1">Letter</Item>
          <Item LEFT="50" TOP="50" RIGHT="50" BOTTOM="50" HEIGHT="4200" WIDTH="2550" VALUE="5">Legal</Item>
          <Item LEFT="50" TOP="50" RIGHT="50" BOTTOM="50" HEIGHT="4050" WIDTH="2550" VALUE="190" PCLCOMMAND="OFICIO">Oficio</Item>          
          <Item LEFT="50" TOP="50" RIGHT="50" BOTTOM="50" HEIGHT="3900" WIDTH="2550" VALUE="14">Folio</Item>
          <Item LEFT="50" TOP="50" RIGHT="50" BOTTOM="50" HEIGHT="3507" WIDTH="2480" VALUE="9" METRIC="TRUE">A4</Item>
          <Item LEFT="50" TOP="50" RIGHT="50" BOTTOM="50" HEIGHT="2952" WIDTH="2078" VALUE="34" METRIC="TRUE">B5Env</Item>
          <Item LEFT="50" TOP="50" RIGHT="50" BOTTOM="50" HEIGHT="3035" WIDTH="2149" VALUE="13" METRIC="TRUE">JISB5</Item>
          <!--Item LEFT="50" TOP="50" RIGHT="50" BOTTOM="50" HEIGHT="2550" WIDTH="1650" VALUE="6">Statement</Item-->
          <Item LEFT="50" TOP="50" RIGHT="50" BOTTOM="50" HEIGHT="3150" WIDTH="2175" VALUE="7">Exec</Item>
          <Item LEFT="57" TOP="57" RIGHT="57" BOTTOM="57" HEIGHT="2480" WIDTH="1748" VALUE="11" METRIC="TRUE">A5</Item>
          <Item LEFT="50" TOP="50" RIGHT="50" BOTTOM="50" HEIGHT="1748" WIDTH="1240" VALUE="70" METRIC="TRUE">A6</Item>
          <Item LEFT="55" TOP="55" RIGHT="55" BOTTOM="55" HEIGHT="2250" WIDTH="1162" VALUE="37" ENVELOPE="TRUE">Monarch</Item>
          <Item LEFT="50" TOP="50" RIGHT="50" BOTTOM="50" HEIGHT="2850" WIDTH="1237" VALUE="20" ENVELOPE="TRUE">Com10</Item>
          <Item LEFT="50" TOP="50" RIGHT="50" BOTTOM="50" HEIGHT="2598" WIDTH="1299" VALUE="27" METRIC="TRUE" ENVELOPE="TRUE">DL</Item>
          <Item LEFT="50" TOP="50" RIGHT="50" BOTTOM="50" HEIGHT="2704" WIDTH="1913" VALUE="28" METRIC="TRUE" ENVELOPE="TRUE">C5</Item>
          <Item LEFT="51" TOP="51" RIGHT="51" BOTTOM="51" HEIGHT="1914" WIDTH="1346" VALUE="31" METRIC="TRUE" ENVELOPE="TRUE">C6Env</Item>
          <!--Item LEFT="50" TOP="50" RIGHT="50" BOTTOM="50" HEIGHT="2662" WIDTH="1162" VALUE="19" ENVELOPE="TRUE" PCLCOMMAND="ENV NO9">Env No9</Item-->
          <!--Item LEFT="50" TOP="50" RIGHT="50" BOTTOM="50" HEIGHT="1950" WIDTH="1087" VALUE="38" ENVELOPE="TRUE" PCLCOMMAND="ENV PERSONAL">Env Personal</Item-->
          <Item LEFT="50" TOP="50" RIGHT="50" BOTTOM="50" HEIGHT="1800" WIDTH="1200" VALUE="130" PCLCOMMAND="POSTCARD">Postcard</Item>
          <Item LEFT="50" TOP="50" RIGHT="50" BOTTOM="50" HEIGHT="5100" WIDTH="3300" VALUE="3" LARGE="TRUE">Tabloid</Item>
          <Item LEFT="50" TOP="50" RIGHT="50" BOTTOM="50" HEIGHT="4950" WIDTH="3510" VALUE="8" METRIC="TRUE" LARGE="TRUE">A3</Item>
          <Item LEFT="50" TOP="50" RIGHT="50" BOTTOM="50" HEIGHT="4290" WIDTH="3030" VALUE="12" METRIC="TRUE" LARGE="TRUE">JISB4</Item>
      </Items>
    </Capability>
    <Capability ID="PaperSource" VALUE="TRUE">
      <Items>
        <Item VALUE="7">Auto</Item>
        <!--Item VALUE="6">MPTray</Item-->
        <Item VALUE="4">Manual</Item>
        <Item VALUE="1">Upper
          <Constraints ID="PaperSize" PERMIT="TRUE">
            <Constraint VALUE="1"/>
            <Constraint VALUE="5"/>
            <Constraint VALUE="190"/>
            <Constraint VALUE="14"/>
            <Constraint VALUE="9"/>
            <Constraint VALUE="34"/>
            <Constraint VALUE="13"/>
            <Constraint VALUE="7"/>
            <Constraint VALUE="11"/>
          </Constraints>
          <Constraints ID="PaperType" PERMIT="TRUE">
            <Constraint VALUE="0"/>
            <Constraint VALUE="1"/>
            <Constraint VALUE="10"/>
            <Constraint VALUE="11"/>
            <Constraint VALUE="9"/>
            <Constraint VALUE="15"/>
          </Constraints>
        </Item>
        <!--Item VALUE="2">Lower
          <Constraints ID="OptionalTray" PERMIT="TRUE">
            <Constraint VALUE="1"/>
            <Constraint VALUE="3"/>
            <Constraint VALUE="4"/>
          </Constraints>
          <Constraints ID="PaperSize" PERMIT="TRUE">
            <Constraint VALUE="1"/>
            <Constraint VALUE="5"/>
            <Constraint VALUE="190"/>
            <Constraint VALUE="14"/>
            <Constraint VALUE="9"/>
            <Constraint VALUE="34"/>
            <Constraint VALUE="13"/>
            <Constraint VALUE="7"/>
            <Constraint VALUE="11"/>
          </Constraints>   
          <Constraints ID="PaperType" PERMIT="TRUE">
            <Constraint VALUE="0"/>
            <Constraint VALUE="1"/>
            <Constraint VALUE="57"/>
            <Constraint VALUE="11"/>
            <Constraint VALUE="14"/>
            <Constraint VALUE="7"/>
            <Constraint VALUE="6"/>
            <Constraint VALUE="9"/>
          </Constraints>
        </Item>
        <Item VALUE="257">Tray3
          <Constraints ID="OptionalTray" PERMIT="TRUE">            
            <Constraint VALUE="3"/>
            <Constraint VALUE="4"/>
          </Constraints>
          <Constraints ID="PaperSize" PERMIT="TRUE">
            <Constraint VALUE="1"/>
            <Constraint VALUE="5"/>
            <Constraint VALUE="190"/>
            <Constraint VALUE="14"/>
            <Constraint VALUE="9"/>
            <Constraint VALUE="34"/>
            <Constraint VALUE="13"/>
            <Constraint VALUE="7"/>
            <Constraint VALUE="11"/>
          </Constraints>   
          <Constraints ID="PaperType" PERMIT="TRUE">
            <Constraint VALUE="0"/>
            <Constraint VALUE="1"/>
            <Constraint VALUE="57"/>
            <Constraint VALUE="11"/>
            <Constraint VALUE="14"/>
            <Constraint VALUE="7"/>
            <Constraint VALUE="6"/>
            <Constraint VALUE="9"/>
          </Constraints>
        </Item>
        <Item VALUE="258">Tray4
          <Constraints ID="OptionalTray" PERMIT="TRUE">
            <Constraint VALUE="4"/>
          </Constraints>          
        </Item-->
      </Items>
    </Capability>
    <Capability ID="PaperType" VALUE="TRUE">
      <Items>
        <Item VALUE="0" PJLCOMMAND="OFF">PrinterDefault
          <Constraints ID="PaperSize" PERMIT="TRUE">
            <Constraint VALUE="1"/>
            <Constraint VALUE="5"/>
            <Constraint VALUE="190"/>            
            <Constraint VALUE="14"/>            
            <Constraint VALUE="9"/>            
            <Constraint VALUE="34"/>            
            <Constraint VALUE="13"/>
            <Constraint VALUE="7"/>
            <Constraint VALUE="11"/>
            <Constraint VALUE="70"/>            
            <Constraint VALUE="256"/>
          </Constraints>
        </Item>
        <Item VALUE="1" PCLCOMMAND="Plain" PJLCOMMAND="NORMAL">Normal
          <Constraints ID="PaperSize" PERMIT="TRUE">
            <Constraint VALUE="1"/>
            <Constraint VALUE="5"/>
            <Constraint VALUE="190"/>            
            <Constraint VALUE="14"/>            
            <Constraint VALUE="9"/>            
            <Constraint VALUE="34"/>            
            <Constraint VALUE="13"/>
            <Constraint VALUE="7"/>
            <Constraint VALUE="11"/>
            <Constraint VALUE="70"/>            
            <Constraint VALUE="256"/>
          </Constraints>
        </Item>
        <Item VALUE="10" PCLCOMMAND="Thick" PJLCOMMAND="THICK">Thick
          <Constraints ID="PaperSize" PERMIT="TRUE">
            <Constraint VALUE="1"/>
            <Constraint VALUE="5"/>
            <Constraint VALUE="190"/>            
            <Constraint VALUE="14"/>            
            <Constraint VALUE="9"/>            
            <Constraint VALUE="34"/>            
            <Constraint VALUE="13"/>
            <Constraint VALUE="7"/>
            <Constraint VALUE="11"/>
            <Constraint VALUE="70"/>
            <Constraint VALUE="256"/>
          </Constraints>        
        </Item>
        <Item VALUE="11" PCLCOMMAND="Thin" PJLCOMMAND="THIN">Thin
          <Constraints ID="PaperSize" PERMIT="TRUE">
            <Constraint VALUE="1"/>
            <Constraint VALUE="5"/>
            <Constraint VALUE="190"/>            
            <Constraint VALUE="14"/>            
            <Constraint VALUE="9"/>            
            <Constraint VALUE="34"/>            
            <Constraint VALUE="13"/>
            <Constraint VALUE="7"/>
            <Constraint VALUE="11"/>
            <Constraint VALUE="70"/>
            <Constraint VALUE="256"/>
          </Constraints>        
        </Item>
        <Item VALUE="14" PCLCOMMAND="Cotton" PJLCOMMAND="COTTON">Cotton
          <Constraints ID="PaperSize" PERMIT="TRUE">
            <Constraint VALUE="1"/>
            <Constraint VALUE="5"/>
            <Constraint VALUE="190"/>            
            <Constraint VALUE="14"/>            
            <Constraint VALUE="9"/>            
            <Constraint VALUE="34"/>            
            <Constraint VALUE="13"/>
            <Constraint VALUE="7"/>
            <Constraint VALUE="11"/>
            <Constraint VALUE="70"/>
            <Constraint VALUE="256"/>
          </Constraints>        
        </Item>        
        <Item VALUE="7" PCLCOMMAND="Color" PJLCOMMAND="COLOR">Color
          <Constraints ID="PaperSize" PERMIT="TRUE">
            <Constraint VALUE="1"/>
            <Constraint VALUE="5"/>
            <Constraint VALUE="190"/>            
            <Constraint VALUE="14"/>            
            <Constraint VALUE="9"/>            
            <Constraint VALUE="34"/>            
            <Constraint VALUE="13"/>
            <Constraint VALUE="7"/>
            <Constraint VALUE="11"/>
            <Constraint VALUE="70"/>
            <Constraint VALUE="256"/>
          </Constraints>        
        </Item>
        <Item VALUE="6" PCLCOMMAND="Preprinted" PJLCOMMAND="USED">Preprinted
          <Constraints ID="PaperSize" PERMIT="TRUE">
            <Constraint VALUE="1"/>
            <Constraint VALUE="5"/>
            <Constraint VALUE="190"/>            
            <Constraint VALUE="14"/>            
            <Constraint VALUE="9"/>            
            <Constraint VALUE="34"/>            
            <Constraint VALUE="13"/>
            <Constraint VALUE="7"/>
            <Constraint VALUE="11"/>
            <Constraint VALUE="70"/>
            <Constraint VALUE="256"/>
          </Constraints>        
        </Item>        
        <Item VALUE="9" PCLCOMMAND="Recycled" PJLCOMMAND="RECYCLED">Recycle
          <Constraints ID="PaperSize" PERMIT="TRUE">
            <Constraint VALUE="1"/>
            <Constraint VALUE="5"/>
            <Constraint VALUE="190"/>            
            <Constraint VALUE="14"/>            
            <Constraint VALUE="9"/>            
            <Constraint VALUE="34"/>            
            <Constraint VALUE="13"/>
            <Constraint VALUE="7"/>
            <Constraint VALUE="11"/>
            <Constraint VALUE="70"/>
            <Constraint VALUE="256"/>
          </Constraints>        
        </Item>                
        <Item VALUE="8" PCLCOMMAND="Envelope" PJLCOMMAND="ENV">ENV
          <Constraints ID="PaperSize" PERMIT="TRUE">
            <Constraint VALUE="37"/>
            <Constraint VALUE="20"/>            
            <Constraint VALUE="27"/>            
            <Constraint VALUE="28"/>            
            <Constraint VALUE="31"/>            
            <Constraint VALUE="256"/>
          </Constraints>        
        </Item>
        <Item VALUE="3" PCLCOMMAND="Transparency" PJLCOMMAND="OHP">OHP
          <Constraints ID="PaperSize" PERMIT="TRUE">
            <Constraint VALUE="1"/>
            <Constraint VALUE="9"/>
          </Constraints>        
        </Item>
        <Item VALUE="5" PCLCOMMAND="Labels" PJLCOMMAND="LABEL">Labels
          <Constraints ID="PaperSize" PERMIT="TRUE">
            <Constraint VALUE="1"/>
            <Constraint VALUE="5"/>
            <Constraint VALUE="190"/>            
            <Constraint VALUE="14"/>            
            <Constraint VALUE="9"/>            
            <Constraint VALUE="34"/>            
            <Constraint VALUE="13"/>
            <Constraint VALUE="7"/>
            <Constraint VALUE="11"/>
            <Constraint VALUE="70"/>
          </Constraints>        
        </Item>                
        <Item VALUE="4" PCLCOMMAND="Card Stock" PJLCOMMAND="CARD">CARD
          <Constraints ID="PaperSize" PERMIT="TRUE">
            <Constraint VALUE="1"/>
            <Constraint VALUE="5"/>
            <Constraint VALUE="190"/>            
            <Constraint VALUE="14"/>            
            <Constraint VALUE="9"/>            
            <Constraint VALUE="34"/>            
            <Constraint VALUE="13"/>
            <Constraint VALUE="7"/>
            <Constraint VALUE="11"/>
            <Constraint VALUE="70"/>            
            <Constraint VALUE="130"/>            
          </Constraints>        
        </Item>
        <Item VALUE="2" PCLCOMMAND="Bond" PJLCOMMAND="BOND">Bond
          <Constraints ID="PaperSize" PERMIT="TRUE">
            <Constraint VALUE="1"/>
            <Constraint VALUE="5"/>
            <Constraint VALUE="190"/>            
            <Constraint VALUE="14"/>            
            <Constraint VALUE="9"/>            
            <Constraint VALUE="34"/>            
            <Constraint VALUE="13"/>
            <Constraint VALUE="7"/>
            <Constraint VALUE="11"/>
            <Constraint VALUE="70"/>
            <Constraint VALUE="256"/>
          </Constraints>        
        </Item>
        <Item VALUE="15" PCLCOMMAND="Archive" PJLCOMMAND="ARCHIVE">Archive
          <Constraints ID="PaperSize" PERMIT="TRUE">
            <Constraint VALUE="1"/>
            <Constraint VALUE="5"/>
            <Constraint VALUE="190"/>            
            <Constraint VALUE="14"/>            
            <Constraint VALUE="9"/>            
            <Constraint VALUE="34"/>            
            <Constraint VALUE="13"/>
            <Constraint VALUE="7"/>
            <Constraint VALUE="11"/>
            <Constraint VALUE="70"/>
            <Constraint VALUE="256"/>
          </Constraints>        
        </Item>
<!--
        <Item VALUE="12" PCLCOMMAND="Letterhead" PJLCOMMAND="LETTERHEAD">LetterHead
          <Constraints ID="PaperSize" PERMIT="TRUE">
            <Constraint VALUE="1"/>
            <Constraint VALUE="5"/>
            <Constraint VALUE="190"/>            
            <Constraint VALUE="14"/>            
            <Constraint VALUE="9"/>            
            <Constraint VALUE="34"/>            
            <Constraint VALUE="13"/>
            <Constraint VALUE="6"/>
            <Constraint VALUE="7"/>
            <Constraint VALUE="11"/>
            <Constraint VALUE="70"/>        
          </Constraints>        
        </Item>
        <Item VALUE="18" PCLCOMMAND="Prepunched" PJLCOMMAND="PUNCHED">Punched
          <Constraints ID="PaperSize" PERMIT="TRUE">
            <Constraint VALUE="1"/>
            <Constraint VALUE="5"/>
            <Constraint VALUE="190"/>            
            <Constraint VALUE="14"/>            
            <Constraint VALUE="9"/>            
            <Constraint VALUE="34"/>            
            <Constraint VALUE="13"/>
            <Constraint VALUE="6"/>
            <Constraint VALUE="7"/>
            <Constraint VALUE="11"/>
            <Constraint VALUE="70"/>          
          </Constraints>        
        </Item>
-->
      </Items>
    </Capability>
    <Capability ID="PowerSave" VALUE="TRUE">
      <Items>
        <Item VALUE="1">1 minutes</Item>
        <Item VALUE="5">5 minutes</Item>
        <Item VALUE="10">10 minutes</Item>
        <Item VALUE="15">15 minutes</Item>
        <Item VALUE="20">20 minutes</Item>
        <Item VALUE="30">30 minutes</Item>
        <Item VALUE="45">45 minutes</Item>
        <Item VALUE="60">60 minutes</Item>
        <Item VALUE="120">120 minutes</Item>
      </Items>
    </Capability>
    <Capability ID="PrinterMemory" VALUE="FALSE">
      <Items>
        <Item VALUE="256">256 MB</Item>
        <Item VALUE="512">512 MB</Item>
        <Item VALUE="768">768 MB</Item>
      </Items>
    </Capability>
    <Capability ID="PreviewLayout" VALUE="TRUE"/>
    <Capability ID="PreviewPrinter" PRINTERTYPE="MonoPrinter" VALUE="TRUE"/>
    <Capability ID="PreviewAdjustment" VALUE="FALSE"/>
    <Capability ID="AllTextBlack" VALUE="TRUE"/>
    <Capability ID="PrintDensity" VALUE="TRUE">
      <Items>
        <Item VALUE="0">Normal</Item>
        <Item VALUE="1">Light</Item>
        <Item VALUE="2">Dark</Item>
      </Items>
    </Capability>
    <Capability ID="PrintHold" VALUE="FALSE" MINPASS="4" MAXPASS="4">
      <Items>
        <Item VALUE="0">Normal</Item>
        <Item VALUE="2">Proof
          <Constraints ID="OptionalHDD" PERMIT="TRUE">
            <Constraint VALUE="1"/>
          </Constraints>
        </Item>
        <Item VALUE="4">Confidential
          <Constraints ID="OptionalHDD" PERMIT="TRUE">
            <Constraint VALUE="1"/>
          </Constraints>
        </Item>
        <Item VALUE="6">Store
          <Constraints ID="OptionalHDD" PERMIT="TRUE">
            <Constraint VALUE="1"/>
          </Constraints>
        </Item>
        <Item VALUE="9">Spool
          <Constraints ID="OptionalHDD" PERMIT="TRUE">
            <Constraint VALUE="1"/>
          </Constraints>
        </Item>
        <Item VALUE="8">Delay
          <Constraints ID="OptionalHDD" PERMIT="TRUE">
            <Constraint VALUE="1"/>
          </Constraints>
        </Item>
      </Items>
    </Capability>
    <Capability ID="PrintOrder" VALUE="TRUE">
      <Items>
        <Item VALUE="0">Normal</Item>
        <Item VALUE="1">Reverse All Pages</Item>
        <Item VALUE="2">Print Odd Pages</Item>
        <Item VALUE="3">Print Even Pages</Item>
      </Items>
    </Capability>
    <Capability ID="Quality" VALUE="TRUE">
      <Items>
        <Item VALUE="0" PUBLIC="600" PRIVATE="1200">Best
          <Constraints ID="LayoutOptions">
            <Constraint VALUE="2"/>
          </Constraints>
        </Item>
        <Item VALUE="1" PUBLIC="600" PRIVATE="600">Normal</Item>
        <!--Item VALUE="2" PUBLIC="600" PRIVATE="1">Draft</Item-->
        <!--Item VALUE="3" PUBLIC="300" PRIVATE="600">300 dpi</Item-->
      </Items>
    </Capability>
    <Capability ID="RasterCompression" VALUE="FALSE"/>
    <Capability ID="Stapler" VALUE="FALSE">
      <Constraints ID="Finisher" PERMIT="TRUE">
        <Constraint VALUE="4"/>
      </Constraints>
      <Items>
        <Item VALUE="0">None</Item>
        <Item VALUE="6">1 Staple</Item>
      </Items>
    </Capability>
    <Capability ID="TonerSave" VALUE="TRUE">
      <Items>
        <Item VALUE="0">Printer Setting</Item>
        <Item VALUE="2">On</Item>
        <Item VALUE="1">Off</Item>
      </Items>
    </Capability>
    <Capability ID="TransparencySeparator" VALUE="FALSE" PAPERSOURCE="TRUE">
      <Items>
        <Item VALUE="0">No Separator</Item>
        <Item VALUE="1">Printed Separator</Item>
        <Item VALUE="2">Blank Separator</Item>
        <!--<Item VALUE="3">Colored Separator</Item>-->
      </Items>
    </Capability>
    <Capability ID="TrueTypeMode" VALUE="FALSE">
      <Items>
        <Item VALUE="0">Download as Outline</Item>
        <Item VALUE="1">Download as Bit Image</Item>
        <Item VALUE="2">Print as Graphics</Item>
      </Items>
    </Capability>
    <Capability ID="PrinterFonts" VALUE="FALSE"/>
    <Capability ID="CMS01" VALUE="FALSE" GRAY="11" COLOR="00"/>
    <Capability ID="CMS02" VALUE="TRUE" GRAY="31" COLOR="41"/>
    <Capability ID="FineEdgeTrapping" VALUE="FALSE">
      <Items>
        <Item VALUE="4">Off</Item>
        <Item VALUE="3">Minimum</Item>
        <Item VALUE="1">Normal</Item>
        <Item VALUE="2">Maximum</Item>
      </Items>
    </Capability>
    <Capability ID="HighCoverageMode" VALUE="FALSE"/>
    <Capability ID="PageColorMono" VALUE="FALSE"/>
    <Capability ID="CustomPaper" MINWIDTH="762" MINHEIGHT="1270" MAXWIDTH="2159" MAXHEIGHT="3556"/>
    <Capability ID="LiveUpdate" VALUE="FALSE" MODELNAME="Dell 1130 Laser Printer">
      <Items>
        <Item VALUE="SPL"/>
      </Items>
    </Capability>
    <Capability ID="PrinterImages">
      <Items>
        <Item VALUE="u" FINISHER="0" OPTIONALTRAY="0"/>
        <Item VALUE="u1" FINISHER="0" OPTIONALTRAY="1"/>
        <Item VALUE="u3" FINISHER="0" OPTIONALTRAY="3"/>
        <Item VALUE="u4" FINISHER="0" OPTIONALTRAY="4"/>
        <Item VALUE="ua0" FINISHER="0" OPTIONALTRAY="10"/>
        <Item VALUE="04" FINISHER="4" OPTIONALTRAY="0"/>
        <Item VALUE="14" FINISHER="4" OPTIONALTRAY="1"/>
        <Item VALUE="34" FINISHER="4" OPTIONALTRAY="3"/>
        <Item VALUE="a4" FINISHER="4" OPTIONALTRAY="10"/>
      </Items>
    </Capability>

    <Capability ID="AutoConfiguration" VALUE="FALSE" MDL="1130 Laser Printer">
      <Items>
        <Item ID="OptionalTray" VALUE="FALSE" TRAY34="FALSE" MPOPTIONALTRAY0="5" MPOPTIONALTRAY1="6" MPOPTIONALTRAY3="7" MPOPTIONALTRAY4="8"/>
        <Item ID="DuplexUnit" VALUE="FALSE"/>
        <Item ID="OptionalHDD" VALUE="FALSE"/>
        <Item ID="PrinterMemory" VALUE="FALSE"/>
        <Item ID="OptionalOutputBin" VALUE="FALSE"/>
        <Item ID="Finisher" VALUE="FALSE"/>
        <Item ID="Temperature" VALUE="FALSE"/>
      </Items>
     </Capability>
    <Capability ID="HtmlHelp" DEFAULTPAGE="Html\About page Buttons.htm"/>

    <!-- Graphics dll use start -->
    <Capability ID="RES1200CLASS" VALUE="TRUE"/>
    <Capability ID="EMFDriver" VALUE="FALSE"/>
    <Capability ID="PCLClass3" VALUE="FALSE"/>
    <Capability ID="MDType" VALUE="0"/>
    <Capability ID="MDEvenPageReverseOrder" VALUE="FALSE"/>
    <Capability ID="MDEvenPageSEReverseOrientation" VALUE="TRUE"/>
    <Capability ID="MDOddPageFirst" VALUE="FALSE"/>
    <Capability ID="MDOddPageReverseOrder" VALUE="FALSE"/>    
    <Capability ID="FBEmulation" VALUE="160"/>
    <Capability ID="FBColorTableLayoutID" VALUE="-1"/>
    <Capability ID="FBLineWidth" VALUE="2"/>
    <Capability ID="FBInterpolation" VALUE="0"/>
    <Capability ID="EngineMargin" VALUE="50"/>
    <Capability ID="FWSupportedOHPSeperator" VALUE="TRUE"/>
    <Capability ID="FWSupportedFrontBackCover" VALUE="FALSE"/>
    <Capability ID="InkjetMinimumMargin" VALUE="0"/>
    <Capability ID="CriticalMemorySize" VALUE="0"/>
    <Capability ID="RamBasedCollation" VALUE="FALSE"/>
    <Capability ID="EncryptionMode" VALUE="0"/>
    <Capability ID="EncryptionKey" VALUE="pdke"/>
    <Capability ID="PaperTypePCLCommand" VALUE="FALSE"/>        
    <Capability ID="PCLPatternUsingTransWM" VALUE="FALSE"/>    
    <Capability ID="UseLangmon" VALUE="0"/> <!-- 0: LANGMON_AUTO, 1 : LANGMON_OFF -->
    <!-- Graphics dll use end -->

<!--<Capability ID="Debug" SHOWDMCHANGES="TRUE"/>-->
    <Capability ID="DefaultDEVMODE">
      <Items>
        <Item ID="Quality" VALUE="1"/>
        <Item ID="OptionalHDD" VALUE="FALSE"/>
        <Item ID="DuplexUnit" VALUE="FALSE"/>
        <Item ID="EmulationLanguage" VALUE="0"/>
        <!--Item ID="PrinterMemory" VALUE="256"/-->     
        <Item ID="RasterCompression" VALUE="4" />   
        <Item ID="HighAltitude" VALUE="2"/>
        <!--Item ID="FineEdgeTrapping" VALUE="1"/-->
        <Item ID="DarkenText" VALUE="TRUE"/>
        <Item ID="PowerSave" VALUE="1" />
      </Items>
    </Capability>
  </Capabilities>
  
  <Messages>
    <Message>
      <Id>PREVIEW_MODEL_NAME</Id>
      <Value>Dell 1130 Laser Printer</Value>
    </Message>
    <Message>
      <Id>LOGO_MODEL_NAME</Id>
      <Value>Dell 1130 Laser Printer</Value>
    </Message>
    <Message>
      <Id>INFO_MODEL_NAME</Id>
      <Value>Dell 1130 Laser Printer</Value>
    </Message>
    <Message>
      <Id>OEM_NAME</Id>
      <Value>Dell</Value>
    </Message>
    <Message>
      <Id>VERSION</Id>
      <Value>$MainVersion$</Value>
    </Message>
    <Message>
      <Id>COPYRIGHT</Id>
      <Value>Copyright(c) Dell Inc.</Value>
    </Message>
    <Message>
      <Id>URL_1</Id>      
      <Value>http://www.Dell.com</Value>
    </Message>    
  </Messages>
  
</Model>
