<?xml version="1.0"?>
<Features xmlns:xsi="http://www.w3.org/2001/XMLSchema-instance" xsi:noNamespaceSchemaLocation="prndrvf.xsd">
	<Feature ID="OptionalTray" NAME="Optional Tray">
		<Help>Html\Printer Configuration.htm</Help>
		<Tooltip>Optional Tray Tooltip</Tooltip>
		<Controls>
			<Control ID="OptionalTrayCombo">
				<Tooltip>Optional Tray Combo Tooltip</Tooltip>
			</Control>
			<Control ID="OptionalTrayStatic">Optional Tray
				<Tooltip>Optional Tray Tooltip</Tooltip>
			</Control>
			<Control ID="Tray2Static">Tray 2
				<Tooltip>Tray2 Tooltip</Tooltip>
			</Control>
			<Control ID="Tray2Combo">
				<Tooltip>Tray2 Combo Tooltip</Tooltip>
				<Items>
					<Item ID="StandartCapacity">Standart Capacity (300 sheets)</Item>
					<Item ID="HighCapacity">High Capacity (1500 sheets)</Item>
				</Items>
			</Control>
			<Control ID="Tray3Static">Tray 3
				<Tooltip>Tray3 Tooltip</Tooltip>
			</Control>
			<Control ID="Tray3Combo">
				<Tooltip>Tray3 Combo Tooltip</Tooltip>
				<Items>
					<Item ID="StandartCapacity">Standart Capacity (300 sheets)</Item>
					<Item ID="HighCapacity">High Capacity (1500 sheets)</Item>
				</Items>
			</Control>
			<Control ID="Tray4Static">Tray 4
				<Tooltip>Tray4 Tooltip</Tooltip>
			</Control>
			<Control ID="Tray4Combo">
				<Tooltip>Tray4 Combo Tooltip</Tooltip>
				<Items>
					<Item ID="StandartCapacity">Standart Capacity (300 sheets)</Item>
					<Item ID="HighCapacity">High Capacity (1500 sheets)</Item>
				</Items>
			</Control>
		</Controls>
	</Feature>
	<Feature ID="Finisher" NAME="Finisher">
		<Help>Html\Printer Configuration.htm</Help>
		<Tooltip>Finisher Tooltip</Tooltip>
		<Controls>
			<Control ID="FinisherStatic">Finisher
				<Tooltip>Finisher Tooltip</Tooltip>
			</Control>
			<Control ID="FinisherCombo">
				<Tooltip>Finisher Combo Tooltip</Tooltip>
			</Control>
		</Controls>
	</Feature>
	<Feature ID="MailBox" NAME="MailBox">
		<Help>Html\Printer Configuration.htm</Help>
		<Tooltip>MailBox Tooltip</Tooltip>
		<Controls>
			<Control ID="MailBoxStatic">MailBox
				<Tooltip>MailBox Tooltip</Tooltip>
			</Control>
			<Control ID="MailBoxCombo">
				<Tooltip>MailBox Combo Tooltip</Tooltip>
			</Control>
		</Controls>
	</Feature>
	<Feature ID="PrinterMemory" NAME="Printer Memory">
		<Help>Html\Printer Configuration.htm</Help>
		<Tooltip>Printer Memory Tooltip</Tooltip>
		<Controls>
			<Control ID="PrinterMemoryStatic">Printer Memory
				<Tooltip>Printer Memory Tooltip</Tooltip>
			</Control>
			<Control ID="PrinterMemoryCombo">
				<Tooltip>Printer Memory Combo Tooltip</Tooltip>
			</Control>
		</Controls>
	</Feature>

	<Feature ID="OutputBin" NAME="Output Bin">
		<Help>Html\Paper Options.htm</Help>
		<Tooltip>Output Bin Tooltip</Tooltip>
		<Controls>
			<Control ID="OutputBinStatic">Output Bin
				<Tooltip>Output Bin Tooltip</Tooltip>
			</Control>
			<Control ID="OutputBinCombo">
				<Tooltip>Output Bin Combo Tooltip</Tooltip>
			</Control>
		</Controls>
	</Feature>

	<Feature ID="OptionalOutputBin" NAME="Optional Output Bin">
		<Help>Html\Optional Output Bin.htm</Help>
		<Tooltip>Optional OutputBin Tooltip</Tooltip>
		<Controls>
			<Control ID="OptionalOutputBinStatic">Optional Output Bin
				<Tooltip>Optional Output Bin Tooltip</Tooltip>
			</Control>
			<Control ID="OptionalOutputBinCombo">Optional Output Bin
				<Tooltip>Optional Output Bin Combo Tooltip</Tooltip>
			</Control>
		</Controls>
	</Feature>
	<Feature ID="Stapler" NAME="Stapler">
		<Tooltip>Stapler Tooltip</Tooltip>
		<Help>Html\Output Options.htm</Help>
		<Controls>
			<Control ID="StaplerStatic">Stapler
				<Tooltip>Stapler Tooltip</Tooltip>
			</Control>
			<Control ID="StaplerCombo">
				<Tooltip>Stapler Combo Tooltip</Tooltip>
			</Control>
		</Controls>
	</Feature>
	<Feature ID="StaplePosition" NAME="StaplePosition">
		<Tooltip>StaplePosition Tooltip</Tooltip>
		<Help>Html\Output Options.htm</Help>
		<Controls>
			<Control ID="StaplePositionStatic">StaplePosition
				<Tooltip>StaplePosition Tooltip</Tooltip>
			</Control>
			<Control ID="StaplePositionCombo">
				<Tooltip>StaplePosition Combo Tooltip</Tooltip>
			</Control>
		</Controls>
	</Feature>
	<Feature ID="Offset" NAME="Request Offset">
		<Tooltip>Offset Tooltip</Tooltip>
		<Help>Html\Output Options.htm</Help>
		<Controls>
			<Control ID="OffsetStatic">Offset
				<Tooltip>Offset Tooltip</Tooltip>
			</Control>
			<Control ID="OffsetCombo">
				<Tooltip>Offset Combo Tooltip</Tooltip>
			</Control>
		</Controls>
	</Feature>
	<Feature ID="MultiBinMode" NAME="MultiBinMode">
		<Tooltip>MultiBinMode Tooltip</Tooltip>
		<Help>Html\Output Options.htm</Help>
		<Controls>
			<Control ID="MultiBinModeStatic">MultiBinMode
				<Tooltip>MultiBinMode Tooltip</Tooltip>
			</Control>
			<Control ID="MultiBinModeCombo">
				<Tooltip>MultiBinMode Combo Tooltip</Tooltip>
			</Control>
		</Controls>
	</Feature>
	<Feature ID="DestinationTray" NAME="Destination">
		<Tooltip>Destination Tray Tooltip</Tooltip>
		<Help>Html\Output Options.htm</Help>
		<Controls>
			<Control ID="DestinationTrayStatic">Destination
				<Tooltip>Destination Tray Tooltip</Tooltip>
			</Control>
			<Control ID="DestinationTrayCombo">
				<Tooltip>Destination Tray Combo Tooltip</Tooltip>
				<Items>
					<Item ID="PrinterDefault">Printer Default</Item>
					<Item ID="TopTray">Top Tray</Item>
					<Item ID="SideTray">Side Tray</Item>
				</Items>
			</Control>
		</Controls>
	</Feature>
	<Feature ID="PrintOrder" NAME="Print Order">
		<Tooltip>Print Order Tooltip</Tooltip>
		<Help>Html\Output Options.htm</Help>
		<Controls>
			<Control ID="PrintOrderStatic">Print Order
				<Tooltip>Print Order Tooltip</Tooltip>
			</Control>
			<Control ID="PrintOrderCombo">
				<Tooltip>Print Order Combo Tooltip</Tooltip>
				<Items>
					<Item ID="Normal">Normal</Item>
					<Item ID="ReverseAllPages">Reverse All Pages</Item>
					<Item ID="PrintOddPages">Print Odd Pages</Item>
					<Item ID="PrintEvenPages">Print Even Pages</Item>
				</Items>
			</Control>
		</Controls>
	</Feature>
	<Feature ID="PaperType" NAME="Paper Type">
		<Tooltip>Paper Type Tooltip</Tooltip>
		<Help>Html\Paper Options.htm</Help>
		<Controls>
			<Control ID="PaperTypeStatic">Type
				<Tooltip>Type Tooltip</Tooltip>
			</Control>
			<Control ID="PaperTypeCombo">
				<Tooltip>Paper Type Combo Tooltip</Tooltip>
			</Control>
		</Controls>
	</Feature>
	<Feature ID="EmulationLanguage" NAME="Emulation Language">
		<Tooltip>Paper Type Tooltip</Tooltip>
		<Help>Html\Printer Configuration.htm</Help>
		<Controls>
			<Control ID="EmulationLanguageStatic">Emulation Language
				<Tooltip>Emulation Language Tooltip</Tooltip>
			</Control>
			<Control ID="EmulationLanguageCombo">
				<Tooltip>Emulation Language Combo Tooltip</Tooltip>
			</Control>
		</Controls>
	</Feature>
	<Feature ID="DuplexUnit" NAME="Duplex Unit">
		<Tooltip>DuplexUnit Tooltip</Tooltip>
		<Help>Html\Printer Configuration.htm</Help>
		<Items>
			<Item ID="On">On</Item>
			<Item ID="Off">Off</Item>
		</Items>
	</Feature>
	<Feature ID="OptionalHDD" NAME="Optional Hard Disk Drive">
		<Tooltip>OptionalHDD Tooltip</Tooltip>
		<Help>Html\Printer Configuration.htm</Help>
		<Items>
			<Item ID="On">On</Item>
			<Item ID="Off">Off</Item>
		</Items>
	</Feature>
	<Feature ID="BannerSheet" NAME="Banner Sheet">
		<Tooltip>Banner Sheet Tooltip</Tooltip>
		<Help>Html\Output Options.htm</Help>
		<Items>
			<Item ID="On">On</Item>
			<Item ID="Off">Off</Item>
		</Items>
	</Feature>
	<Feature ID="DarkenText" NAME="Darken Text">
		<Tooltip>Darken Text Tooltip</Tooltip>
		<Help>Html\Darken Text.htm</Help>
		<Items>
			<Item ID="On">On</Item>
			<Item ID="Off">Off</Item>
			<Item ID="Maximum">Maximum</Item>
		</Items>
		<Controls>
			<Control ID="DarkenTextStatic">Darken Text
				<Tooltip>Darken Text Tooltip</Tooltip>
			</Control>
			<Control ID="DarkenTextCombo">
				<Tooltip>Darken Text Tooltip</Tooltip>
			</Control>
		</Controls>
	</Feature>
	<Feature ID="PrinterFonts" NAME="Use Printer Fonts">
		<Tooltip>Use Printer Fonts Tooltip</Tooltip>
		<Help>Html\TrueType Options.htm</Help>
		<Items>
			<Item ID="On">On</Item>
			<Item ID="Off">Off</Item>
		</Items>
	</Feature>
	<Feature ID="JamReprint" NAME="Reprint When Jammed">
		<Tooltip>Reprint When Jammed Tooltip</Tooltip>
		<Help>Html\Output Options.htm</Help>
		<Items>
			<Item ID="On">On</Item>
			<Item ID="Off">Off</Item>
		</Items>
	</Feature>
	<Feature ID="GrayscaleEnhancement" NAME="Grayscale Enhancement">
		<Tooltip>Grayscale Enhancement Tooltip</Tooltip>
		<Help>Html\Grayscale Option.htm</Help>
		<Items>
			<Item ID="On">On</Item>
			<Item ID="Off">Off</Item>
		</Items>
	</Feature>
	<Feature ID="Collate" NAME="Collate">
		<Tooltip>Collate Tooltip</Tooltip>
		<Help>Html\Collate.htm</Help>
		<Items>
			<Item ID="On">On</Item>
			<Item ID="Off">Off</Item>
		</Items>
	</Feature>
	<Feature ID="BlackOnly" NAME="Black Cartridge Only">
		<Tooltip>Black Only Tooltip</Tooltip>
		<Help>Html\Black Only.htm</Help>
		<Items>
			<Item ID="On">On</Item>
			<Item ID="Off">Off</Item>
		</Items>
	</Feature>
	<Feature ID="HighAltitude" NAME="High Altitude Enhancement">
		<Tooltip>High Altitude Enhancement Tooltip</Tooltip>
		<Help>Html\Printer Configuration.htm</Help>
		<Items>
			<Item ID="On">On</Item>
			<Item ID="Off">Off</Item>
		</Items>
		<Controls>
			<Control ID="HighAltitudeStatic">Altitude Adjustment
				<Tooltip>Altitude Adjustment Tooltip</Tooltip>
			</Control>
			<Control ID="HighAltitudeCombo">
				<Tooltip>Altitude Adjustment Combo Tooltip</Tooltip>
			</Control>
		</Controls>
	</Feature>
	<Feature ID="AllTextBlack" NAME="All Text Black">
		<Tooltip>All Text Black Tooltip</Tooltip>
		<Help>Html\Print All Text Black.htm</Help>
	</Feature>
	<Feature ID="CMS01" NAME="Smart CMS01">
		<Tooltip>Smart CMS Tooltip</Tooltip>
		<Help>Html\Smart Color.htm</Help>
		<Items>
			<Item ID="On">On</Item>
			<Item ID="Off">Off</Item>
		</Items>
	</Feature>
	<Feature ID="CMS02" NAME="Smart CMS02">
		<Tooltip>Smart CMS Tooltip</Tooltip>
		<Help>Html\Smart Color.htm</Help>
		<Items>
			<Item ID="On">On</Item>
			<Item ID="Off">Off</Item>
		</Items>
	</Feature>
	<Feature ID="CMS03" NAME="Smart CMS03">
		<Tooltip>Smart CMS Tooltip</Tooltip>
		<Help>Html\CMS03.htm</Help>
		<Items>
			<Item ID="On">On</Item>
			<Item ID="Off">Off</Item>
		</Items>
	</Feature>
	<Feature ID="CMS04" NAME="Smart CMS04">
		<Tooltip>Smart CMS Tooltip</Tooltip>
		<Help>Html\CMS04.htm</Help>
		<Items>
			<Item ID="On">On</Item>
			<Item ID="Off">Off</Item>
		</Items>
	</Feature>
	<Feature ID="CMS05" NAME="Smart CMS05">
		<Tooltip>Smart CMS Tooltip</Tooltip>
		<Help>Html\CMS05.htm</Help>
		<Items>
			<Item ID="On">On</Item>
			<Item ID="Off">Off</Item>
		</Items>
	</Feature>
	<Feature ID="CMS06" NAME="Smart CMS06">
		<Tooltip>Smart CMS Tooltip</Tooltip>
		<Help>Html\CMS06.htm</Help>
		<Items>
			<Item ID="On">On</Item>
			<Item ID="Off">Off</Item>
		</Items>
	</Feature>
	<Feature ID="CMS07" NAME="Smart CMS07">
		<Tooltip>Smart CMS Tooltip</Tooltip>
		<Help>Html\CMS07.htm</Help>
		<Items>
			<Item ID="On">On</Item>
			<Item ID="Off">Off</Item>
		</Items>
	</Feature>
	<Feature ID="CMS08" NAME="Smart CMS08">
		<Tooltip>Smart CMS Tooltip</Tooltip>
		<Help>Html\CMS08.htm</Help>
		<Items>
			<Item ID="On">On</Item>
			<Item ID="Off">Off</Item>
		</Items>
	</Feature>
	<Feature ID="CMS09" NAME="Smart CMS09">
		<Tooltip>Smart CMS Tooltip</Tooltip>
		<Help>Html\CMS09.htm</Help>
		<Items>
			<Item ID="On">On</Item>
			<Item ID="Off">Off</Item>
		</Items>
	</Feature>
	<Feature ID="CMS10" NAME="Smart CMS10">
		<Tooltip>Smart CMS Tooltip</Tooltip>
		<Help>Html\CMS10.htm</Help>
		<Items>
			<Item ID="On">On</Item>
			<Item ID="Off">Off</Item>
		</Items>
	</Feature>
	<Feature ID="CMS11" NAME="Smart CMS11">
		<Tooltip>Smart CMS Tooltip</Tooltip>
		<Help>Html\CMS11.htm</Help>
		<Items>
			<Item ID="On">On</Item>
			<Item ID="Off">Off</Item>
		</Items>
	</Feature>
	<Feature ID="CMS12" NAME="Smart CMS12">
		<Tooltip>Smart CMS Tooltip</Tooltip>
		<Help>Html\CMS12.htm</Help>
		<Items>
			<Item ID="On">On</Item>
			<Item ID="Off">Off</Item>
		</Items>
	</Feature>
	<Feature ID="CMS13" NAME="Smart CMS13">
		<Tooltip>Smart CMS Tooltip</Tooltip>
		<Help>Html\CMS13.htm</Help>
		<Items>
			<Item ID="On">On</Item>
			<Item ID="Off">Off</Item>
		</Items>
	</Feature>
	<Feature ID="CMS14" NAME="Smart CMS14">
		<Tooltip>Smart CMS Tooltip</Tooltip>
		<Help>Html\CMS14.htm</Help>
		<Items>
			<Item ID="On">On</Item>
			<Item ID="Off">Off</Item>
		</Items>
	</Feature>
	<Feature ID="CMS15" NAME="Smart CMS15">
		<Tooltip>Smart CMS Tooltip</Tooltip>
		<Help>Html\CMS15.htm</Help>
		<Items>
			<Item ID="On">On</Item>
			<Item ID="Off">Off</Item>
		</Items>
	</Feature>
	<Feature ID="CMS16" NAME="Smart CMS16">
		<Tooltip>Smart CMS Tooltip</Tooltip>
		<Help>Html\CMS16.htm</Help>
		<Items>
			<Item ID="On">On</Item>
			<Item ID="Off">Off</Item>
		</Items>
	</Feature>
	<Feature ID="CMS17" NAME="Smart CMS17">
		<Tooltip>Smart CMS Tooltip</Tooltip>
		<Help>Html\CMS17.htm</Help>
		<Items>
			<Item ID="On">On</Item>
			<Item ID="Off">Off</Item>
		</Items>
	</Feature>
	<Feature ID="CMS18" NAME="Smart CMS18">
		<Tooltip>Smart CMS Tooltip</Tooltip>
		<Help>Html\CMS18.htm</Help>
		<Items>
			<Item ID="On">On</Item>
			<Item ID="Off">Off</Item>
		</Items>
	</Feature>
	<Feature ID="CMS19" NAME="Smart CMS19">
		<Tooltip>Smart CMS Tooltip</Tooltip>
		<Help>Html\CMS19.htm</Help>
		<Items>
			<Item ID="On">On</Item>
			<Item ID="Off">Off</Item>
		</Items>
	</Feature>
	<Feature ID="CMS20" NAME="Smart CMS20">
		<Tooltip>Smart CMS Tooltip</Tooltip>
		<Help>Html\CMS20.htm</Help>
		<Items>
			<Item ID="On">On</Item>
			<Item ID="Off">Off</Item>
		</Items>
	</Feature>
	<Feature ID="CMS21" NAME="Smart CMS21">
		<Tooltip>Smart CMS Tooltip</Tooltip>
		<Help>Html\CMS21.htm</Help>
		<Items>
			<Item ID="On">On</Item>
			<Item ID="Off">Off</Item>
		</Items>
	</Feature>
	<Feature ID="CMS22" NAME="Smart CMS22">
		<Tooltip>Smart CMS Tooltip</Tooltip>
		<Help>Html\CMS22.htm</Help>
		<Items>
			<Item ID="On">On</Item>
			<Item ID="Off">Off</Item>
		</Items>
	</Feature>
	<Feature ID="CMS23" NAME="Smart CMS23">
		<Tooltip>Smart CMS Tooltip</Tooltip>
		<Help>Html\CMS23.htm</Help>
		<Items>
			<Item ID="On">On</Item>
			<Item ID="Off">Off</Item>
		</Items>
	</Feature>
	<Feature ID="CMS24" NAME="Smart CMS24">
		<Tooltip>Smart CMS Tooltip</Tooltip>
		<Help>Html\CMS24.htm</Help>
		<Items>
			<Item ID="On">On</Item>
			<Item ID="Off">Off</Item>
		</Items>
	</Feature>
	<Feature ID="CMS25" NAME="Smart CMS25">
		<Tooltip>Smart CMS Tooltip</Tooltip>
		<Help>Html\CMS25.htm</Help>
		<Items>
			<Item ID="On">On</Item>
			<Item ID="Off">Off</Item>
		</Items>
	</Feature>
	<Feature ID="CMS26" NAME="Smart CMS26">
		<Tooltip>Smart CMS Tooltip</Tooltip>
		<Help>Html\CMS26.htm</Help>
		<Items>
			<Item ID="On">On</Item>
			<Item ID="Off">Off</Item>
		</Items>
	</Feature>
	<Feature ID="CMS27" NAME="Smart CMS27">
		<Tooltip>Smart CMS Tooltip</Tooltip>
		<Help>Html\CMS27.htm</Help>
		<Items>
			<Item ID="On">On</Item>
			<Item ID="Off">Off</Item>
		</Items>
	</Feature>
	<Feature ID="CMS28" NAME="Smart CMS28">
		<Tooltip>Smart CMS Tooltip</Tooltip>
		<Help>Html\CMS28.htm</Help>
		<Items>
			<Item ID="On">On</Item>
			<Item ID="Off">Off</Item>
		</Items>
	</Feature>
	<Feature ID="CMS29" NAME="Smart CMS29">
		<Tooltip>Smart CMS Tooltip</Tooltip>
		<Help>Html\CMS29.htm</Help>
		<Items>
			<Item ID="On">On</Item>
			<Item ID="Off">Off</Item>
		</Items>
	</Feature>
	<Feature ID="CMS30" NAME="Smart CMS30">
		<Tooltip>Smart CMS Tooltip</Tooltip>
		<Help>Html\CMS30.htm</Help>
		<Items>
			<Item ID="On">On</Item>
			<Item ID="Off">Off</Item>
		</Items>
	</Feature>
	<Feature ID="CMS31" NAME="Smart CMS31">
		<Tooltip>Smart CMS Tooltip</Tooltip>
		<Help>Html\CMS31.htm</Help>
		<Items>
			<Item ID="On">On</Item>
			<Item ID="Off">Off</Item>
		</Items>
	</Feature>
	<Feature ID="CMS32" NAME="Smart CMS32">
		<Tooltip>Smart CMS Tooltip</Tooltip>
		<Help>Html\CMS32.htm</Help>
		<Items>
			<Item ID="On">On</Item>
			<Item ID="Off">Off</Item>
		</Items>
	</Feature>
	<Feature ID="CMS33" NAME="Smart CMS33">
		<Tooltip>Smart CMS Tooltip</Tooltip>
		<Help>Html\CMS33.htm</Help>
		<Items>
			<Item ID="On">On</Item>
			<Item ID="Off">Off</Item>
		</Items>
	</Feature>
	<Feature ID="CMS34" NAME="Smart CMS34">
		<Tooltip>Smart CMS Tooltip</Tooltip>
		<Help>Html\CMS34.htm</Help>
		<Items>
			<Item ID="On">On</Item>
			<Item ID="Off">Off</Item>
		</Items>
	</Feature>
	<Feature ID="CMS35" NAME="Smart CMS35">
		<Tooltip>Smart CMS Tooltip</Tooltip>
		<Help>Html\CMS35.htm</Help>
		<Items>
			<Item ID="On">On</Item>
			<Item ID="Off">Off</Item>
		</Items>
	</Feature>
	<Feature ID="CMS36" NAME="Smart CMS36">
		<Tooltip>Smart CMS Tooltip</Tooltip>
		<Help>Html\CMS36.htm</Help>
		<Items>
			<Item ID="On">On</Item>
			<Item ID="Off">Off</Item>
		</Items>
	</Feature>
	<Feature ID="CMS37" NAME="Smart CMS37">
		<Tooltip>Smart CMS Tooltip</Tooltip>
		<Help>Html\CMS37.htm</Help>
		<Items>
			<Item ID="On">On</Item>
			<Item ID="Off">Off</Item>
		</Items>
	</Feature>
	<Feature ID="CMS38" NAME="Smart CMS38">
		<Tooltip>Smart CMS Tooltip</Tooltip>
		<Help>Html\CMS38.htm</Help>
		<Items>
			<Item ID="On">On</Item>
			<Item ID="Off">Off</Item>
		</Items>
	</Feature>
	<Feature ID="CMS39" NAME="Smart CMS39">
		<Tooltip>Smart CMS Tooltip</Tooltip>
		<Help>Html\CMS39.htm</Help>
		<Items>
			<Item ID="On">On</Item>
			<Item ID="Off">Off</Item>
		</Items>
	</Feature>
	<Feature ID="CMS40" NAME="Smart CMS40">
		<Tooltip>Smart CMS Tooltip</Tooltip>
		<Help>Html\CMS40.htm</Help>
		<Items>
			<Item ID="On">On</Item>
			<Item ID="Off">Off</Item>
		</Items>
	</Feature>
	<Feature ID="PowerSave" NAME="Power Save">
		<Tooltip>Power Save Tooltip</Tooltip>
		<Help>Html\Printer Configuration.htm</Help>
		<Controls>
			<Control ID="TimeDelay">Time Delay
				<Tooltip>Time Delay Tooltip</Tooltip>
			</Control>
			<Control ID="TimeDelayCombo">
				<Tooltip>Time Delay Combo Tooltip</Tooltip>
			</Control>
		</Controls>
	</Feature>
	<Feature ID="PaperSize" NAME="Paper Size">
		<Tooltip>Paper Size Tooltip</Tooltip>
		<Help>Html\Paper Options.htm</Help>
		<Messages>
			<Message ID="SaveChangesMessage">Save Changes Message</Message>
			<Message ID="SaveChangesTitle">Save Changes Title</Message>
			<Message ID="Width">Width</Message>
			<Message ID="Lenght">Lenght</Message>
            <Message ID="InchMMBaloonTitle">Baloon Title</Message>
            <Message ID="InchMMBaloonMessage">Baloon Message</Message>
		</Messages>
		<Controls>
			<Control ID="SizeStatic">Size
				<Tooltip>Size Tooltip</Tooltip>
			</Control>
			<Control ID="PaperTab">Paper</Control>
			<Control ID="EnvelopeTab">Envelope</Control>
			<Control ID="PaperSizeCombo">
				<Tooltip>PaperCombo Tooltip</Tooltip>
				<Items>
					<Item ID="EditItem">Edit...</Item>
				</Items>
			</Control>
			<Control ID="CustomPapers">Custom Page Size
				<Help>Html\Custom Page Size dialog.htm</Help>
			</Control>
          <Control ID="CustomPapersDlg">Custom Paper Size Settings
            <Help>Html\Custom Page Size dialog.htm</Help>
          </Control>
          <Control ID="CustomPaperGroup">Custom Paper List
            <Help>Html\Custom Pages Names.htm</Help>
          </Control>
			<Control ID="CustomPaperList">Custom Paper List
				<Tooltip>Custom Paper List Tooltip</Tooltip>
				<Help>Html\Custom Pages Names.htm</Help>
			</Control>
			<Control ID="AddButton">Add
				<Tooltip>Custom Paper Add Tooltip</Tooltip>
				<Help>Html\Custom Pages Names.htm</Help>
			</Control>
			<Control ID="UpdateButton">Update
				<Tooltip>Custom Paper Update Tooltip</Tooltip>
				<Help>Html\Custom Pages Names.htm</Help>
			</Control>
			<Control ID="DeleteButton">Delete
				<Tooltip>Custom Paper Delete Tooltip</Tooltip>
				<Help>Html\Custom Pages Names.htm</Help>
			</Control>
			<Control ID="CustomNameGroup">Custom Name
				<Help>Html\Custom Name.htm</Help>
			</Control>
			<Control ID="CustomNameEdit">
				<Tooltip>Custom Name Edit Tooltip</Tooltip>
				<Help>Html\Custom Name.htm</Help>
			</Control>
			<Control ID="CustomDimensionGroup">Custom Paper Size
				<Tooltip>Custom Dimension Group Tooltip</Tooltip>
				<Help>Html\Page Dimensions.htm</Help>
			</Control>
			<Control ID="WidthStatic">Width (%s-%s)
				<Tooltip>Width Tooltip</Tooltip>
				<Help>Html\Page Dimensions.htm</Help>
			</Control>
			<Control ID="WidthInchStatic">Width (%s-%s)
				<Tooltip>Width Tooltip</Tooltip>
				<Help>Html\Page Dimensions.htm</Help>
			</Control>
			<Control ID="WidthSpin">
				<Tooltip>Width Spin Tooltip</Tooltip>
				<Help>Html\Page Dimensions.htm</Help>
			</Control>
			<Control ID="HeightStatic">Height (%s-%s)
				<Tooltip>Height Tooltip</Tooltip>
				<Help>Html\Page Dimensions.htm</Help>
			</Control>
			<Control ID="HeightInchStatic">Height (%s-%s)
				<Tooltip>Height Tooltip</Tooltip>
				<Help>Html\Page Dimensions.htm</Help>
			</Control>
			<Control ID="HeightSpin">
				<Tooltip>Height Spin Tooltip</Tooltip>
				<Help>Html\Page Dimensions.htm</Help>
			</Control>
			<Control ID="MmRadio">Millimeters
				<Tooltip>Millimeters Tooltip</Tooltip>
				<Help>Html\Page Dimensions.htm</Help>
			</Control>
			<Control ID="InchRadio">Inches
				<Tooltip>Inches Tooltip</Tooltip>
				<Help>Html\Page Dimensions.htm</Help>
			</Control>
		</Controls>
	</Feature>
	<Feature ID="Orientation" NAME="Orientation">
		<Tooltip>Orientation Tooltip</Tooltip>
		<Help>Html\Orientation.htm</Help>
		<Controls>
			<Control ID="Portrait">Portrait
				<Tooltip>Portrait Tooltip</Tooltip>
			</Control>
			<Control ID="Landscape">Landscape
				<Tooltip>Landscape Tooltip</Tooltip>
			</Control>
			<Control ID="RotateCheck">Rotate 180 Degrees
				<Tooltip>Rotate 180 Degrees Tooltip</Tooltip>
			</Control>
			<Control ID="Rotate">Rotate
				<Tooltip>Rotate Tooltip</Tooltip>
			</Control>
			<Control ID="RotateCombo">
				<Tooltip>Rotate Combo Tooltip</Tooltip>
			</Control>
			<Control ID="Degrees">Degrees
				<Tooltip>Degrees Tooltip</Tooltip>
			</Control>
			<Control ID="Mirror">Mirror Image
				<Tooltip>Mirror Image Tooltip</Tooltip>
			</Control>
		</Controls>
	</Feature>
	<Feature ID="PaperSource" NAME="Paper Source">
		<Tooltip>Paper Source Tooltip</Tooltip>
		<Help>Html\Paper Options.htm</Help>
		<Controls>
			<Control ID="PaperSourceStatic">Source
				<Tooltip>Source Tooltip</Tooltip>
			</Control>
			<Control ID="PaperSourceCombo">
				<Tooltip>Paper Source Combo Tooltip</Tooltip>
			</Control>
		</Controls>
	</Feature>
	<Feature ID="PreviewLayout" NAME="PreviewLayout">
		<Tooltip>Preview Tooltip</Tooltip>
		<Messages>
			<Message ID="NameExistsMessage">The name already exists, do you want to owerwrite the preset?</Message>
			<Message ID="NameExistsTitle">Name exists</Message>
			<Message ID="DeletePresetMessage">Are you sure you want to delete this preset?</Message>
			<Message ID="DeletePresetTitle">Delete Preset</Message>
			<Message ID="NameRequiredMessage">Please, enter a name for this preset.</Message>
			<Message ID="NameRequiredTitle">Name required</Message>
			<Message ID="DefaultNameMessage">This name is reserved. Please, enter another name for this preset.</Message>
			<Message ID="DefaultNameTitle">Another name</Message>                      
		</Messages>
		<Controls>
			<Control ID="PaperName">
				<Tooltip>Paper Name Tooltip</Tooltip>
			</Control>
			<Control ID="Inch">inch
				<Tooltip>Inch Tooltip</Tooltip>
			</Control>
			<Control ID="Metric">mm
				<Tooltip>MM Tooltip</Tooltip>
			</Control>
			<Control ID="InchDimension">%s x %s inches
				<Tooltip>Paper dimensions in inches</Tooltip>
			</Control>
			<Control ID="MmDimension">%s x %s mm
				<Tooltip>Paper dimensions in millimeters</Tooltip>
			</Control>
			<Control ID="AddButton">Add
				<Tooltip>Add Tooltip</Tooltip>
			</Control>
			<Control ID="UpdateButton">Update
				<Tooltip>Update Tooltip</Tooltip>
			</Control>
			<Control ID="RenameButton">Rename
				<Tooltip>Rename Tooltip</Tooltip>
			</Control>
			<Control ID="DeleteButton">Delete
				<Tooltip>Delete Tooltip</Tooltip>
			</Control>
			<Control ID="PresetsLabel">Presets
				<Tooltip>Presets Tooltip</Tooltip>
			</Control>
			<Control ID="PresetsCombo">
				<Tooltip>PresetsCombo Tooltip</Tooltip>
				<Items>
					<Item ID="DefaultPreset">Default Preset</Item>
					<Item ID="UntitledPreset">Untitled</Item>
				</Items>
			</Control>
			<Control ID="PresetsList">Feature List
				<Tooltip>PresetsList Tooltip</Tooltip>
			</Control>
		</Controls>
	</Feature>
	<Feature ID="PreviewPrinter" NAME="PreviewPrinter">
		<Tooltip>Preview Tooltip</Tooltip>
		<Controls>
			<Control ID="PrinterModel">Printer Model</Control>
		</Controls>
	</Feature>
	<Feature ID="PreviewAdjustment" NAME="PreviewAdjustment">
		<Tooltip>Preview Tooltip</Tooltip>
		<Controls>
			<Control ID="ImportImage">Import Image
				<Tooltip>ImportImage Tooltip</Tooltip>
			</Control>
		</Controls>
		<Controls>
			<Control ID="DefaultImage">Default Image
				<Tooltip>DefaultImage Tooltip</Tooltip>
			</Control>
		</Controls>
	</Feature>
	<Feature ID="AdjustmentLevels" NAME="AdjustmentLevels">
		<Tooltip>AdjustmentLevels Tooltip</Tooltip>
		<Help>Html\Color Adjust Dialog.htm</Help>
		<Controls>
			<Control ID="AutoChckBox">Auto Adjustment
				<Tooltip>Auto Adjustment Tooltip</Tooltip>
			</Control>
			<Control ID="BrightnessLevel">Brightness
				<Tooltip>Brightness level Tooltip</Tooltip>
			</Control>
			<Control ID="ContrastLevel">Contrast
				<Tooltip>Contrast level Tooltip</Tooltip>
			</Control>
			<Control ID="SaturationLevel">Saturation
				<Tooltip>Saturation level Tooltip</Tooltip>
			</Control>
			<Control ID="CyanRedLevel">Cyan-Red
				<Tooltip>Cyan-Red level Tooltip</Tooltip>
			</Control>
			<Control ID="MagentaGreenLevel">Magenta-Green
				<Tooltip>Magenta-Green level Tooltip</Tooltip>
			</Control>
			<Control ID="YellowBlueLevel">Yellow-Blue
				<Tooltip>Yellow-Blue level Tooltip</Tooltip>
			</Control>
		</Controls>
	</Feature>
	<Feature ID="AdjustmentColorMatching" NAME="Balance">
		<Tooltip>Balance Tooltip</Tooltip>
		<Help>Html\Color Adjust Dialog.htm</Help>
		<Controls>
			<Control ID="ICMCombo">
				<Tooltip>ICMCombo Tooltip</Tooltip>
				<Items>
					<Item ID="Perceptual">Perceptual</Item>
					<Item ID="Saturation">Saturation</Item>
					<Item ID="Colorimetric">Colorimetric</Item>
				</Items>
			</Control>
			<Control ID="RGBCombo">
				<Tooltip>RGBCombo Tooltip</Tooltip>
				<Items>
					<Item ID="Standard">Standard</Item>
					<Item ID="Vivid">Vivid</Item>
					<Item ID="Device">Device</Item>
					<Item ID="CorporateImaging">Corporate Imaging</Item>
				</Items>
			</Control>
			<Control ID="RegionalCombo">
				<Tooltip>RegionalCombo Tooltip</Tooltip>
				<Items>
					<Item ID="Regional1">Basic</Item>
					<Item ID="Regional2">American</Item>
					<Item ID="Regional3">European</Item>
					<Item ID="Regional4">Oriental</Item>
				</Items>
			</Control>
			<!--  CMS 2.0 --> 
			<Control ID="DeleteButton">Delete
				<Tooltip>Delete Button Tooltip</Tooltip>
			</Control>
		</Controls>
	</Feature>
	<Feature ID="Quality" NAME="Quality">
		<Tooltip>Quality Tooltip</Tooltip>
		<Help>Html\Resolution.htm</Help>
		<Controls>
			<Control ID="GlossyCheck">Glossy Printing (Half Speed)
				<Tooltip>Glossy Printing (Half Speed) Tooltip</Tooltip>
			</Control>
		</Controls>
	</Feature>
	<Feature ID="PrintDensity" NAME="Darkness">
		<Tooltip>Print Density Tooltip</Tooltip>
		<Help>Html\Darkness.htm</Help>
	</Feature>
	<Feature ID="ImageMode" NAME="Image Mode">
		<Tooltip>Image Mode Tooltip</Tooltip>
		<Help>Html\Image Mode.htm</Help>
	</Feature>
	<Feature ID="TrueTypeMode" NAME="True Type Options">
		<Tooltip>True Type Mode Tooltip</Tooltip>
		<Help>Html\TrueType Options.htm</Help>
	</Feature>
	<Feature ID="TonerSave" NAME="Toner Save">
		<Tooltip>Toner Save Tooltip</Tooltip>
		<Help>Html\Toner Save Mode.htm</Help>
	</Feature>
	<Feature ID="DriverTonerSave" NAME="Driver Toner Save">
		<Tooltip>Driver Toner Save Tooltip</Tooltip>
		<Controls>
			<Control ID="LeftStatic">No Save
				<Tooltip>No Save Tooltip</Tooltip>
			</Control>
			<Control ID="RightStatic">Maximum Save
				<Tooltip>Maximum Save Tooltip</Tooltip>
			</Control>
			<Control ID="TrackBar">
				<Tooltip>TrackBar Tooltip</Tooltip>
			</Control>
		</Controls>
		<Help>Html\Toner Save Mode.htm</Help>
	</Feature>
	<Feature ID="Duplex" NAME="Double-Sided Printing">
		<Tooltip>Double-Sided Printing Tooltip</Tooltip>
		<Help>Html\Double-sided Printing.htm</Help>
		<Controls>
			<Control ID="ReverseDuplex">Reverse Double-Sided Printing
				<Tooltip>Reverse Double-Sided Printing Tooltip</Tooltip>
			</Control>
		</Controls>
	</Feature>
	<Feature ID="DuplexManual" NAME="Double-Sided Printing (Manual)">
		<Tooltip>Double-Sided Printing Tooltip</Tooltip>
		<Help>Html\Double-sided Printing.htm</Help>
		<Controls>
			<Control ID="ReverseDuplex">Reverse Double-Sided Printing
				<Tooltip>Reverse Double-Sided Printing Tooltip</Tooltip>
			</Control>
			<Control ID="PrintingTipDlg">Printing Tip</Control>
			<Control ID="HeaderStatic">When the printer stops printing, follow these steps to complete your two-sided print job.</Control>
			<Control ID="PickupStatic">Pick up all pages.</Control>
			<Control ID="PutAllStatic">Put all pages into the input tray as you can see in the picture.</Control>
			<Control ID="PressStatic">Press the button to print the other side of all pages.</Control>
		</Controls>
	</Feature>
	<Feature ID="ColorMode" NAME="Color Mode">
		<Tooltip>Color Mode Tooltip</Tooltip>
		<Help>Html\Color Mode.htm</Help>
		<Controls>
			<Control ID="Color">Color
				<Tooltip>Color Tooltip</Tooltip>
			</Control>
			<Control ID="Grayscale">Grayscale
				<Tooltip>Grayscale Tooltip</Tooltip>
			</Control>
			<Control ID="BlackOptimization">BlackOptimization
				<Tooltip>BlackOptimization Tooltip</Tooltip>
				<Items>
					<Item ID="On">On</Item>
					<Item ID="Off">Off</Item>
				</Items>
			</Control>
		</Controls>
	</Feature>
	<Feature ID="Watermark" NAME="Watermark">
		<Tooltip>Watermark Tooltip</Tooltip>
		<Help>Html\Watermark selection.htm</Help>
		<Messages>
			<Message ID="SaveChangesMessage">Save Changes Message</Message>
			<Message ID="SaveChangesTitle">Save Changes Title</Message>
            <Message ID="AngleBaloonTitle">Baloon Title</Message>
            <Message ID="AngleBaloonMessage">Baloon Message</Message>
            <Message ID="SizeBaloonTitle">Baloon Title</Message>
            <Message ID="SizeBaloonMessage">Baloon Message</Message>
		</Messages>
		<Controls>
			<Control ID="WatermarkStatic">Watermark
				<Tooltip>Watermark Tooltip</Tooltip>
			</Control>
			<Control ID="WatermarkCombo">
				<Tooltip>Watermark Combo Tooltip</Tooltip>
				<Items>
					<Item ID="None">None</Item>
					<Item ID="Edit">Edit...</Item>
				</Items>
			</Control>
			<Control ID="CurrentWMGroup">Current Watermarks
				<Tooltip>Current Watermarks Group Tooltip</Tooltip>
				<Help>Html\Current Watermarks.htm</Help>
			</Control>
			<Control ID="CurrentWMListBox">(No Watermark)
				<Tooltip>Current Watermarks ListBox Tooltip</Tooltip>
				<Help>Html\Current Watermarks.htm</Help>
			</Control>
			<Control ID="CurrentWMAddBtn">Add
				<Tooltip>Add Button Tooltip</Tooltip>
				<Help>Html\Current Watermarks.htm</Help>
			</Control>
			<Control ID="CurrentWMUpdateBtn">Update
				<Tooltip>Update Button Tooltip</Tooltip>
				<Help>Html\Current Watermarks.htm</Help>
			</Control>
			<Control ID="CurrentWMDeleteBtn">Delete
				<Tooltip>Delete Button Tooltip</Tooltip>
				<Help>Html\Current Watermarks.htm</Help>
			</Control>
			<Control ID="WMMessageGroup">Watermark Message
				<Tooltip>Watermark Message Group Tooltip</Tooltip>
				<Help>Html\Watermark Message.htm</Help>
			</Control>
			<Control ID="WMMessageEdit">
				<Tooltip>Watermark Message Edit Tooltip</Tooltip>
				<Help>Html\Watermark Message.htm</Help>
			</Control>
			<Control ID="WMMessageCheckBox">First Page Only
				<Tooltip>First Page Only Tooltip</Tooltip>
				<Help>Html\Watermark Message.htm</Help>
				<Items>
					<Item ID="On">On</Item>
					<Item ID="Off">Off</Item>
				</Items>
			</Control>
			<Control ID="MessageAngleGroup">Message Angle
				<Tooltip>Message Angle Group Tooltip</Tooltip>
				<Help>Html\Message Angle.htm</Help>
			</Control>
			<Control ID="MessageAngleRadio1">Horizontal
				<Tooltip>Horizontal Tooltip</Tooltip>
				<Help>Html\Message Angle.htm</Help>
			</Control>
			<Control ID="MessageAngleRadio2">Vertical
				<Tooltip>Vertical Tooltip</Tooltip>
				<Help>Html\Message Angle.htm</Help>
			</Control>
			<Control ID="MessageAngleRadio3">Angle
				<Tooltip>Angle Tooltip</Tooltip>
				<Help>Html\Message Angle.htm</Help>
			</Control>
			<Control ID="MessageAngleEdit">
				<Tooltip>Angle Edit Tooltip</Tooltip>
				<Help>Html\Message Angle.htm</Help>
			</Control>
			<Control ID="MessageAngleStatic">Degrees
				<Tooltip>Degrees Tooltip</Tooltip>
				<Help>Html\Message Angle.htm</Help>
			</Control>
			<Control ID="FontAttrGroup">Font Attributes
				<Tooltip>Font Attributes Group Tooltip</Tooltip>
				<Help>Html\Font Attributes.htm</Help>
			</Control>
			<Control ID="FontAttrStatic1">Name
				<Tooltip>Name Tooltip</Tooltip>
				<Help>Html\Font Attributes.htm</Help>
			</Control>
			<Control ID="FontAttrStatic2">Style
				<Tooltip>Style Tooltip</Tooltip>
				<Help>Html\Font Attributes.htm</Help>
			</Control>
			<Control ID="FontAttrStatic3">Color
				<Tooltip>Color Tooltip</Tooltip>
				<Help>Html\Font Attributes.htm</Help>
			</Control>
			<Control ID="FontAttrStatic4">Size
				<Tooltip>Size Tooltip</Tooltip>
				<Help>Html\Font Attributes.htm</Help>
			</Control>
			<Control ID="FontAttrStatic5">Shade
				<Tooltip>Shade Tooltip</Tooltip>
				<Help>Html\Font Attributes.htm</Help>
			</Control>
			<Control ID="FontAttrNameCombo">Font Name
				<Tooltip>Name Combo Box Tooltip</Tooltip>
				<Help>Html\Font Attributes.htm</Help>
			</Control>
			<Control ID="FontAttrStyleCombo">
				<Tooltip>Style Combo Box Tooltip</Tooltip>
				<Help>Html\Font Attributes.htm</Help>
				<Items>
					<Item ID="Regular">Regular</Item>
					<Item ID="Bold">Bold</Item>
					<Item ID="Italic">Italic</Item>
					<Item ID="BoldItalic">Bold Italic</Item>
				</Items>
			</Control>
			<Control ID="FontAttrColorCombo">Color
				<Tooltip>Color Combo Box Tooltip</Tooltip>
				<Help>Html\Font Attributes.htm</Help>
				<Items>
					<Item ID="Gray">Gray</Item>
					<Item ID="Red">Red</Item>
					<Item ID="Yellow">Yellow</Item>
					<Item ID="Green">Green</Item>
					<Item ID="Cyan">Cyan</Item>
					<Item ID="Blue">Blue</Item>
					<Item ID="Magenta">Magenta</Item>
				</Items>
			</Control>
			<Control ID="FontAttrSizeEdit">Font Size
				<Tooltip>Size Edit Tooltip</Tooltip>
				<Help>Html\Font Attributes.htm</Help>
			</Control>
			<Control ID="FontAttrShadeCombo">Font Shade
				<Tooltip>Shade Combo Box Tooltip</Tooltip>
				<Help>Html\Font Attributes.htm</Help>
				<Items>
					<Item ID="ExtraDark">Extra Dark</Item>
					<Item ID="Dark">Dark</Item>
					<Item ID="Medium">Medium</Item>
					<Item ID="Light">Light</Item>
					<Item ID="ExtraLight">Extra Light</Item>
				</Items>
			</Control>
			<Control ID="OK">OK</Control>
			<Control ID="Cancel">Cancel</Control>
			<Control ID="Help">Help</Control>
			<Control ID="WatermarkDlg">Edit Watermarks
				<Tooltip>Watermark Dialog Tooltip</Tooltip>
				<Help>Html\Edit Watermarks Dialog.htm</Help>
			</Control>
		</Controls>
	</Feature>
	<Feature ID="LayoutOptions" NAME="LayoutOptions">
		<Tooltip>LayoutOptions Tooltip</Tooltip>
		<Help>Html\Type.htm</Help>
        <Messages>
          <Message ID="OverlapBaloonTitle">Baloon Title</Message>
          <Message ID="OverlapBaloonMessage">Baloon Message</Message>
        </Messages>
		<Controls>
			<Control ID="TypeStatic">Type
				<Tooltip>Type Tooltip</Tooltip>
				<Help>Html\Type.htm</Help>
			</Control>
			<Control ID="TypeCombo">Layout
				<Tooltip>Type Combo Tooltip</Tooltip>
				<Help>Html\Type.htm</Help>
				<Items>
					<Item ID="SinglePagePerSide">Single Page Per Side</Item>
					<Item ID="MultiplePagePerSide">Multiple Page Per Side</Item>
					<Item ID="PosterPrinting">Poster Printing</Item>
					<Item ID="BookletPrinting">Booklet Printing</Item>
				</Items>
			</Control>
			<Control ID="PagesPSideStatic">Pages per Side
				<Tooltip>Pages per Side Tooltip</Tooltip>
				<Help>Html\Type.htm</Help>
			</Control>
			<Control ID="PagesPSideCombo">
				<Tooltip>Pages per Side Combo Tooltip</Tooltip>
				<Help>Html\Type.htm</Help>
				<Items>
					<Item ID="2">2</Item>
					<Item ID="4">4</Item>
					<Item ID="6">6</Item>
					<Item ID="9">9</Item>
					<Item ID="16">16</Item>
				</Items>
			</Control>
			<Control ID="PageOrderStatic">Page Order
				<Tooltip>Page Order Tooltip</Tooltip>
				<Help>Html\Type.htm</Help>
			</Control>
			<Control ID="PageOrderCombo">
				<Tooltip>Page Order Combo Tooltip</Tooltip>
				<Help>Html\Type.htm</Help>
				<Items>
					<Item ID="RightThenDown">Right Then Down</Item>
					<Item ID="DownThenRight">Down Then Right</Item>
					<Item ID="LeftThenDown">Left Then Down</Item>
					<Item ID="DownThenLeft">Down Then Left</Item>
					<Item ID="LeftThenRight">Left Then Right</Item>
					<Item ID="RightThenLeft">Right Then Left</Item>
					<Item ID="Down">Down</Item>
					<Item ID="Up">Up</Item>
				</Items>
			</Control>
			<Control ID="PrintPageBorderCheck">Print Page Border
				<Tooltip>Print Page Border Tooltip</Tooltip>
				<Help>Html\Type.htm</Help>
				<Items>
					<Item ID="On">On</Item>
					<Item ID="Off">Off</Item>
				</Items>
			</Control>
			<Control ID="PagesLayoutCombo">Poster Pages Layout
				<Tooltip>Poster Pages Layout Combo Tooltip</Tooltip>
				<Help>Html\Type.htm</Help>
				<Items>
					<Item ID="Poster2x2">Poster 2x2</Item>
					<Item ID="Poster3x3">Poster 3x3</Item>
					<Item ID="Poster4x4">Poster 4x4</Item>
				</Items>
			</Control>
			<Control ID="PagesLayoutStatic">Pages Layout
				<Tooltip>Pages Layout Tooltip</Tooltip>
				<Help>Html\Type.htm</Help>
			</Control>
			<Control ID="PosterOverlapStatic">Poster Overlap
				<Tooltip>Poster Overlap Tooltip</Tooltip>
				<Help>Html\Type.htm</Help>
			</Control>
			<Control ID="PosterScaleStatic">Poster Scale
				<Tooltip>Poster Scale Tooltip</Tooltip>
				<Help>Html\Type.htm</Help>
			</Control>
			<Control ID="PosterOverlapEdit">
				<Tooltip>Poster Overlap Edit Tooltip</Tooltip>
				<Help>Html\Type.htm</Help>
			</Control>
			<Control ID="PosterScaleEdit">
				<Tooltip>Poster Scale Edit Tooltip</Tooltip>
				<Help>Html\Type.htm</Help>
			</Control>
		</Controls>
	</Feature>
	<Feature ID="InkVolume" NAME="Ink Volume">
		<Tooltip>Ink Volume Tooltip</Tooltip>
		<Help>Html\Ink Volume.htm</Help>
		<Controls>
			<Control ID="AutoCheckbox">Auto
				<Tooltip>AutoTooltip</Tooltip>
			</Control>
			<Control ID="LeftStatic">Min
				<Tooltip>Min Tooltip</Tooltip>
			</Control>
			<Control ID="RightStatic">Max
				<Tooltip>Max Tooltip</Tooltip>
			</Control>
			<Control ID="TrackBar">
				<Tooltip>Trackbar Tooltip</Tooltip>
			</Control>
		</Controls>
	</Feature>
	<Feature ID="DryTime" NAME="Dry Time">
		<Tooltip>Ink Volume Tooltip</Tooltip>
		<Help>Html\Dry Time.htm</Help>
		<Controls>
			<Control ID="AutoCheckbox">Auto
				<Tooltip>AutoTooltip</Tooltip>
			</Control>
			<Control ID="LeftStatic">Short
				<Tooltip>Short Tooltip</Tooltip>
			</Control>
			<Control ID="RightStatic">Long
				<Tooltip>Long Tooltip</Tooltip>
			</Control>
			<Control ID="TrackBar">
				<Tooltip>Trackbar Tooltip</Tooltip>
			</Control>
		</Controls>
	</Feature>
	<Feature ID="Overspray" NAME="Overspray">
		<Tooltip>Overspray Tooltip</Tooltip>
		<Help>Html\Overspray.htm</Help>
		<Controls>
			<Control ID="AutoCheckbox">Auto
				<Tooltip>AutoTooltip</Tooltip>
			</Control>
			<Control ID="LeftStatic">Min
				<Tooltip>Min Tooltip</Tooltip>
			</Control>
			<Control ID="RightStatic">Max
				<Tooltip>Long Tooltip</Tooltip>
			</Control>
			<Control ID="TrackBar">
				<Tooltip>Trackbar Tooltip</Tooltip>
			</Control>
		</Controls>
	</Feature>
	<Feature ID="Scaling" NAME="ScalingOptions">
		<Tooltip>ScalingOptions Tooltip</Tooltip>
		<Help>Html\Scaling.htm</Help>
		<Messages>
			<Message ID="TypeErrorMessage">You can only type a number here.</Message>
			<Message ID="TypeErrorTitle">Unacceptable Character</Message>
		</Messages>
		<Controls>
			<Control ID="FitToPageStatic">Fit to Page
				<Tooltip>Fit to Page Tooltip</Tooltip>
				<Help>Html\Scaling.htm</Help>
			</Control>
			<Control ID="FitToPageCombo">Scaling
				<Tooltip>Scaling Tooltip</Tooltip>
				<Help>Html\Scaling.htm</Help>
				<Items>
					<Item ID="None">None</Item>
				</Items>
			</Control>
			<Control ID="PercentageStatic">Percentage
				<Tooltip>Percentage Tooltip</Tooltip>
				<Help>Html\Scaling.htm</Help>
			</Control>
			<Control ID="PercentageEdit">Scaling
				<Tooltip>Percentage Edit Tooltip</Tooltip>
				<Help>Html\Scaling.htm</Help>
			</Control>
			<Control ID="Percentage2Static">(25-400%)
				<Tooltip>(25-400%) Tooltip</Tooltip>
				<Help>Html\Scaling.htm</Help>
			</Control>
			<Control ID="MinimizeMarginCheck">Minimize Margin
				<Tooltip>Minimize Margin Tooltip</Tooltip>
				<Help>Html\Scaling.htm</Help>
				<Items>
					<Item ID="On">On</Item>
					<Item ID="Off">Off</Item>
				</Items>
			</Control>
		</Controls>
	</Feature>
	<Feature ID="Copies" NAME="Number of Copies">
		<Tooltip>Number of Copies Tooltip</Tooltip>
		<Help>Html\Copies.htm</Help>
        <Messages>
          <Message ID="CopiesBaloonTitle">Baloon Title</Message>
          <Message ID="CopiesBaloonMessage">Baloon Message</Message>
        </Messages>
		<Controls>
			<Control ID="CopiesStatic">Number of Copies
				<Tooltip>Number of Copies Tooltip</Tooltip>
			</Control>
			<Control ID="CopiesSpin">
				<Tooltip>CopiesSpin Tooltip</Tooltip>
			</Control>
		</Controls>
	</Feature>
	<Feature ID="ColorCopies" NAME="Number of Color Copies">
		<Tooltip>Number of Copies Tooltip</Tooltip>
		<Help>Html\Copies.htm</Help>
        <Messages>
          <Message ID="CopiesBaloonTitle">Baloon Title</Message>
          <Message ID="CopiesBaloonMessage">Baloon Message</Message>
        </Messages>
		<Controls>
			<Control ID="CopiesStatic">Number of Copies
				<Tooltip>Number of Copies Tooltip</Tooltip>
			</Control>
			<Control ID="CopiesSpin">
				<Tooltip>CopiesSpin Tooltip</Tooltip>
			</Control>
			<Control ID="InfoStatic">Color
				<Tooltip>ColorStatic Tooltip</Tooltip>
			</Control>
		</Controls>
	</Feature>
	<Feature ID="GrayCopies" NAME="Number of Gray Copies">
		<Tooltip>GrayCopies Tooltip</Tooltip>
		<Help>Html\Color Copies Setting.htm</Help>
        <Messages>
          <Message ID="CopiesBaloonTitle">Baloon Title</Message>
          <Message ID="CopiesBaloonMessage">Baloon Message</Message>
        </Messages>
		<Controls>                
			<Control ID="CopiesSpin">
				<Tooltip>CopiesSpin Tooltip</Tooltip>
			</Control>
			<Control ID="InfoStatic">Grayscale
				<Tooltip>Grayscale Tooltip</Tooltip>
			</Control>
		</Controls>
	</Feature>
	<Feature ID="OutputForm" NAME="OutputForm">
		<Tooltip>Output Form Tooltip</Tooltip>
		<Help>Html\Output Options.htm</Help>
		<Messages>
			<Message ID="FilterText">Overlay Files (*.FOM)</Message>
		</Messages>
		<Items>
			<Item ID="On">On</Item>
			<Item ID="Off">Off</Item>
		</Items>
		<Controls>
			<Control ID="FilePathEdit">Save as Form for Overlay
				<Tooltip>FilePath Edit Tooltip</Tooltip>
			</Control>
			<Control ID="FilePathButton">Search
				<Tooltip>File Path Button Tooltip</Tooltip>
			</Control>
		</Controls>
	</Feature>
	<Feature ID="RasterCompression" NAME="Raster Compression">
		<Tooltip>Raster Compression Tooltip</Tooltip>
		<Help>Html\Raster Compression.htm</Help>
		<Controls>
			<Control ID="LevelStatic">Level
				<Tooltip>Level Tooltip</Tooltip>
			</Control>
			<Control ID="LevelCombo">
				<Tooltip>Level Combo Tooltip</Tooltip>
				<Items>
					<Item ID="Auto">Auto</Item>
					<Item ID="Minimum">Minimum</Item>
					<Item ID="Middle">Middle</Item>
					<Item ID="Maximum">Maximum</Item>
				</Items>
			</Control>
			<Control ID="QualityStatic">Quality
				<Tooltip>Quality Tooltip</Tooltip>
			</Control>
			<Control ID="LeftStatic">Low
				<Tooltip>Low Tooltip</Tooltip>
			</Control>
			<Control ID="RightStatic">High
				<Tooltip>High Tooltip</Tooltip>
			</Control>
			<Control ID="TrackBar">
				<Tooltip>TrackBar Tooltip</Tooltip>
			</Control>
		</Controls>
	</Feature>
	<Feature ID="FirstPage" NAME="First Page">
		<Tooltip>First Page Tooltip</Tooltip>
		<Help>Html\Advanced Paper Setting.htm</Help>
		<Controls>
			<Control ID="FirstPageSource">Source
				<Tooltip>Source Tooltip</Tooltip>
			</Control>
			<Control ID="FirstPageSourceCombo">
				<Tooltip>Source Combo Tooltip</Tooltip>
				<Items>
					<Item ID="None">None</Item>
				</Items>
			</Control>
			<Control ID="FirstPageType">Type
				<Tooltip>Type Tooltip</Tooltip>
			</Control>
			<Control ID="FirstPageTypeCombo">
				<Tooltip>Type Combo Tooltip</Tooltip>
			</Control>
		</Controls>
	</Feature>
	<Feature ID="LastPage" NAME="Last Page">
		<Tooltip>Last Page Tooltip</Tooltip>
		<Help>Html\Advanced Paper Setting.htm</Help>
		<Controls>
			<Control ID="LastPageSource">Source
				<Tooltip>Source Tooltip</Tooltip>
			</Control>
			<Control ID="LastPageSourceCombo">
				<Tooltip>Source Combo Tooltip</Tooltip>
				<Items>
					<Item ID="None">None</Item>
				</Items>
			</Control>
			<Control ID="LastPageType">Type
				<Tooltip>Type Tooltip</Tooltip>
			</Control>
			<Control ID="LastPageTypeCombo">
				<Tooltip>Type Combo Tooltip</Tooltip>
			</Control>
		</Controls>
	</Feature>
	<Feature ID="CoverPage" NAME="Cover Page">
		<Tooltip>Cover Page Tooltip</Tooltip>
		<Help>Html\Advanced Paper Setting.htm</Help>
		<Controls>
			<Control ID="CoverMode">Cover Options
				<Tooltip>Cover Options Tooltip</Tooltip>
			</Control>
			<Control ID="CoverModeCombo">
				<Tooltip>Cover Options Combo Tooltip</Tooltip>
			</Control>
			<Control ID="CoverOption">Options
				<Tooltip>Options Tooltip</Tooltip>
			</Control>
			<Control ID="CoverOptionCombo">
				<Tooltip>Options Combo Tooltip</Tooltip>
			</Control>
			<Control ID="CoverSize">Size
				<Tooltip>Size Tooltip</Tooltip>
			</Control>
			<Control ID="CoverSizeCombo">
				<Tooltip>Size Combo Tooltip</Tooltip>
			</Control>
			<Control ID="CoverSource">Source
				<Tooltip>Source Tooltip</Tooltip>
			</Control>
			<Control ID="CoverSourceCombo">
				<Tooltip>Source Combo Tooltip</Tooltip>
			</Control>
			<Control ID="CoverType">Type
				<Tooltip>Type Tooltip</Tooltip>
			</Control>
			<Control ID="CoverTypeCombo">
				<Tooltip>Type Combo Tooltip</Tooltip>
			</Control>
		</Controls>
	</Feature>
	<Feature ID="TransparencySeparator" NAME="Transparency Separator">
		<Help>Html\Advanced Paper Setting.htm</Help>
		<Controls>
			<Control ID="OhpSeparatorMode">Separator
				<Tooltip>Separator Tooltip</Tooltip>
			</Control>
			<Control ID="OhpSeparatorModeCombo">
				<Tooltip>Separator Combo Tooltip</Tooltip>
			</Control>
			<Control ID="OhpSeparatorSource">Source
				<Tooltip>Source Tooltip</Tooltip>
			</Control>
			<Control ID="OhpSeparatorSourceCombo">
				<Tooltip>Source Combo Tooltip</Tooltip>
			</Control>
		</Controls>
	</Feature>
	<Feature ID="JobAccounting" NAME="Job Accounting">
		<Tooltip>Job Accounting Tooltip</Tooltip>
		<Help>Html\Job Accounting.htm</Help>
		<Messages>
			<Message ID="MessageTitle">Invalid Passcode</Message>
			<Message ID="MessageText">Message Text</Message>
			<Message ID="PasswordChanged">Password Changed</Message>
            <Message ID="PassBaloonTitle">Baloon Title</Message>
            <Message ID="PassBaloonMessage">Baloon Message</Message>
            <Message ID="UserIDBaloonTitle">Baloon Title</Message>
            <Message ID="UserIDBaloonMessage">Baloon Message</Message>
		</Messages>
		<Controls>
			<Control ID="JobAccountingDlg">Job Accounting Settings
				<Tooltip>Job Accounting Settings Tooltip</Tooltip>
			</Control>
			<Control ID="SettingsGroup">Settings
				<Tooltip>Settings Tooltip</Tooltip>
			</Control>
            <Control ID="PersonalRadio">Personal Permission
              <Tooltip>Personal Permission Tooltip</Tooltip>
            </Control>
          <Control ID="GroupRadio">Group Permission
            <Tooltip>Group Permission Tooltip</Tooltip>
			</Control>
			<Control ID="UserIDStatic">User ID
				<Tooltip>User ID Tooltip</Tooltip>
			</Control>
			<Control ID="UserIDEdit">
				<Tooltip>User ID Edit Tooltip</Tooltip>
			</Control>
			<Control ID="PasswordStatic">Enter Password
				<Tooltip>Enter Password Tooltip</Tooltip>
			</Control>
			<Control ID="PasswordEdit">
				<Tooltip>Password Edit Tooltip</Tooltip>
			</Control>
			<Control ID="PasswordInfoStatic">(4-32 Alphanumeric)
				<Tooltip>(4-32 Alphanumeric) Tooltip</Tooltip>
			</Control>
			<Control ID="PasswordConfirmStatic">Confirm Password
				<Tooltip>Confirm Password Tooltip</Tooltip>
			</Control>
			<Control ID="PasswordConfirmEdit">
				<Tooltip>Password Confirm Edit Tooltip</Tooltip>
			</Control>
			<Control ID="PasswordConfirmInfoStatic">(4-32 Alphanumeric)
				<Tooltip>(4-32 Alphanumeric) Tooltip</Tooltip>
			</Control>
			<Control ID="EncryptCheck">Job Accounting password Encryption
				<Tooltip>Job Accounting password Encryption Tooltip</Tooltip>
			</Control>
		</Controls>
	</Feature>

	<Feature ID="PrintHold" NAME="Job Settings">
		<Tooltip>Job Settings Tooltip</Tooltip>
		<Help>Html\Print and Hold Dialog.htm</Help>
		<Messages>
			<!--<Message ID="MessageTitle">Save Changes Title</Message>-->
			<Message ID="MessageTitle">Invalid Password</Message>
			<Message ID="MessageText">Message Text</Message>
			<Message ID="PasswordChanged">Password Changed</Message>
			<Message ID="Untitled">Untitled</Message>
            <Message ID="PasswordChanged">Password Changed</Message>
            <Message ID="PassBaloonTitle">Baloon Title</Message>
            <Message ID="PassBaloonMessage">Baloon Message</Message>
            <Message ID="UserIDBaloonTitle">Baloon Title</Message>
            <Message ID="UserIDBaloonMessage">Baloon Message</Message>
            <Message ID="JobIDBaloonTitle">Baloon Title</Message>
            <Message ID="JobIDBaloonMessage">Baloon Message</Message>
		</Messages>
		<Controls>
			<Control ID="PrintHoldDlg">Job Settings
				<Tooltip>Job Settings Tooltip</Tooltip>
			</Control>
			<Control ID="OptionsGroup">Settings
				<Tooltip>Settings Tooltip</Tooltip>
			</Control>
			<Control ID="PrintModeStatic">Print Mode
				<Tooltip>Print Mode Tooltip</Tooltip>
			</Control>
			<Control ID="PrintModeCombo">
				<Tooltip>Print Mode Combo Tooltip</Tooltip>
			</Control>
			<Control ID="ScheduleStatic">Print at
				<Tooltip>Print at Tooltip</Tooltip>
			</Control>
			<Control ID="ScheduleDate">Schedule Date
				<Tooltip>Schedule Date Tooltip</Tooltip>
			</Control>
			<Control ID="ScheduleTime">Schedule Time
				<Tooltip>Schedule Time Tooltip</Tooltip>
			</Control>
			<Control ID="StoreHDDCheck">Store to HDD
				<Tooltip>Store to HDD Tooltip</Tooltip>
			</Control>
			<Control ID="StorePublicHDDCheck">Store to Public HDD
				<Tooltip>Store to Public HDD Tooltip</Tooltip>
			</Control>
			<Control ID="UserIDStatic">User ID
				<Tooltip>User ID Tooltip</Tooltip>
			</Control>
			<Control ID="UserIDEdit">
				<Tooltip>UserIDEdit Tooltip</Tooltip>
			</Control>
			<Control ID="UserIDInfoStatic">(A-z,0-9)
				<Tooltip>(A-z,0-9) Tooltip</Tooltip>
			</Control>
			<Control ID="JobNameStatic">Job Name
				<Tooltip>Job Name Tooltip</Tooltip>
			</Control>
			<Control ID="JobNameEdit">
				<Tooltip>Job Name Edit Tooltip</Tooltip>
			</Control>
			<Control ID="JobNameInfoStatic">(A-z,0-9)
				<Tooltip>(A-z,0-9) Tooltip</Tooltip>
			</Control>
			<Control ID="PasswordStatic">Enter Password
				<Tooltip>Enter Password Tooltip</Tooltip>
			</Control>
			<Control ID="PasswordEdit">
				<Tooltip>PasswordEdit Tooltip</Tooltip>
			</Control>
			<Control ID="PasswordInfoStatic">(%d Digit)
				<Tooltip>(%d Digit) Tooltip</Tooltip>
			</Control>
			<Control ID="PasswordInfoStaticAlt">(%d-%d Digit)
				<Tooltip>(%d-%d Digit) Tooltip</Tooltip>
			</Control>
			<Control ID="CfrmStatic">Confirm Password
				<Tooltip>Confirm Password Tooltip</Tooltip>
			</Control>
			<Control ID="CfrmEdit">
				<Tooltip>CfrmEdit Tooltip</Tooltip>
			</Control>
			<Control ID="CfrmInfoStatic">(%d Digit)
				<Tooltip>(%d Digit) Tooltip</Tooltip>
			</Control>
			<Control ID="CfrmInfoStaticAlt">(%d-%d Digit)
				<Tooltip>(%d-%d Digit) Tooltip</Tooltip>
			</Control>
		</Controls>
	</Feature>

	<Feature ID="Overlay" NAME="Overlay">
		<Tooltip>Overlay Tooltip</Tooltip>
		<Help>Html\Overlay Selection.htm</Help>
		<Messages>
			<Message ID="FilterText">Overlay Files (*.%s)</Message>
			<Message ID="CreateStatus">Ready to Create Overlay File</Message>
			<Message ID="NoOverlayStatus">(No Overlay Selected)</Message>
			<Message ID="LoadStatus">Use Overlay</Message>
			<Message ID="ConfirmDeleteStatus">Are you sure you want to delete this overlay?</Message>
			<Message ID="ConfirmCreateStatus">Are you sure you want to create the overlay: %s?</Message>
			<Message ID="ConfirmLoadStatus">Are you sure you want to print the document with overlay: %s</Message>
			<Message ID="ConfirmStatusTitle">Are You Sure</Message>
		</Messages>
		<Controls>
			<Control ID="OverlayStatic">Text
				<Tooltip>Text Tooltip</Tooltip>
			</Control>
			<Control ID="OverlayCombo">
				<Tooltip>Overlay Combo Tooltip</Tooltip>
				<Items>
					<Item ID="None">None</Item>
					<Item ID="Edit">Edit...</Item>
				</Items>
			</Control>
			<Control ID="OverlayDlg">Edit Overlay</Control>
			<Control ID="OverlayGroup">Overlay List
				<Tooltip>Overlay Group Tooltip</Tooltip>
			</Control>
			<Control ID="OverlayList">
				<Tooltip>Overlay List Tooltip</Tooltip>
				<Items>
					<Item ID="NoOverlay">(No Overlay)</Item>
				</Items>
			</Control>
			<Control ID="CreateButton">Create
				<Tooltip>Create Button Tooltip</Tooltip>
			</Control>
			<Control ID="CancelButton">Cancel
				<Tooltip>Cancel Button Tooltip</Tooltip>
			</Control>
			<Control ID="LoadButton">Load
				<Tooltip>Load Button Tooltip</Tooltip>
			</Control>
			<Control ID="DeleteButton">Delete
				<Tooltip>Delete Button Tooltip</Tooltip>
			</Control>
			<Control ID="CreationStatic">Overlay Creation Status
				<Tooltip>Overlay Creation Status Tooltip</Tooltip>
			</Control>
			<Control ID="StatusEdit">
				<Tooltip>Overlay Status Edit Tooltip</Tooltip>
			</Control>
			<Control ID="ConfirmCheck">Confirm Page Overlay When Printing
				<Tooltip>Confirm Page Overlay When Printing Tooltip</Tooltip>
			</Control>
		</Controls>
	</Feature>
	<Feature ID="AboutLogo" NAME="Logo">
		<Controls>
			<Control ID="PrinterModel">Printer Model</Control>
		</Controls>
	</Feature>
	<Feature ID="AboutHelp" NAME="Help">
		<Tooltip>Help Tooltip</Tooltip>
		<Controls>
			<Control ID="AboutHelpEdit">Help Edit
				<Tooltip>Help Edit Tooltip</Tooltip>
			</Control>
			<Control ID="AboutHelpButton">Help Button
				<Tooltip>Help Button Tooltip</Tooltip>
			</Control>
		</Controls>
	</Feature>
	<Feature ID="AboutInfo" NAME="Info">
		<Controls>
			<Control ID="AboutPrinterName">Printer Name</Control>
			<Control ID="AboutDriverVersion">Driver Version</Control>
			<Control ID="AboutCopyright">Copyright</Control>
		</Controls>
	</Feature>
	<Feature ID="AboutService" NAME="Service">
		<Tooltip>Service Tooltip</Tooltip>
	</Feature>
	<Feature ID="HighCoverageMode" NAME="High Coverage Mode">
		<Tooltip>High Coverage Mode Tooltip</Tooltip>
		<!--Help>Html\High Coverage Mode.htm</Help-->
		<Items>
			<Item ID="On">On</Item>
			<Item ID="Off">Off</Item>
		</Items>
	</Feature>
	<Feature ID="FineEdgeTrapping" NAME="Fine Edge Trapping">
		<Help>Html\Smart Color.htm</Help>
		<Tooltip>Fine Edge Trapping Tooltip</Tooltip>
		<Controls>
			<Control ID="FineEdgeTrappingStatic">Fine Edge Trapping
				<Tooltip>Fine Edge Trapping Tooltip</Tooltip>
			</Control>
			<Control ID="FineEdgeTrappingCombo">
				<Tooltip>Fine Edge Trapping Combo Tooltip</Tooltip>
			</Control>
		</Controls>
	</Feature>
	<Feature ID="PageColorMono" NAME="Page Range">
		<Help>Html\Output Options.htm</Help>
		<Tooltip>Page Color Mono Tooltip</Tooltip>
		<Messages>
			<Message ID="RangeBaloonTitle">Baloon Title</Message>
			<Message ID="RangeBaloonMessage">Baloon Message</Message>
		</Messages>
		<Controls>
			<Control ID="ColorRadio">Color
				<Tooltip>Color Tooltip</Tooltip>
			</Control>
			<Control ID="GrayscaleRadio">Grayscale
				<Tooltip>Grayscale Tooltip</Tooltip>
			</Control>
			<Control ID="RangeEdit">
				<Tooltip>RangeEdit Tooltip</Tooltip>
			</Control>
			<Control ID="InfoStatic">InfoStatic
				<Tooltip>InfoStatic Tooltip</Tooltip>
			</Control>
		</Controls>
	</Feature>
	<Feature ID="HalftoneScreen" NAME="Screen">
		<Tooltip>Screen Tooltip</Tooltip>
		<Help>Html\Color Adjust Dialog.htm</Help>
	</Feature>
  <Feature ID="HolePunching" NAME="Hole Punch">
    <Help>Html\Output Options.htm</Help>
    <Tooltip>Hole Punch Tooltip</Tooltip>
    <Controls>
      <Control ID="HolePunchingStatic">Hole Punch
        <Tooltip>Hole Punch Tooltip</Tooltip>
      </Control>
      <Control ID="HolePunchingCombo">
        <Tooltip>Hole Punch Combo Tooltip</Tooltip>
      </Control>
    </Controls>
  </Feature>
  <Feature ID="HolePunchingPosition" NAME="Hole Punch Position">
    <Help>Html\Output Options.htm</Help>
    <Tooltip>Hole Punching Position Tooltip</Tooltip>
    <Controls>
      <Control ID="HolePunchingPositionStatic">Hole Punch Position
        <Tooltip>Hole Punching Position</Tooltip>
      </Control>
      <Control ID="HolePunchingPositionCombo">
        <Tooltip>Hole Punching Position Combo Tooltip</Tooltip>
      </Control>
    </Controls>
  </Feature>
  
  <Feature ID="OptionalHolePunch" NAME="OptionalHolePunch">
    <Help>Html\Printer Configuration.htm</Help>
    <Tooltip>OptionalHolePunch Tooltip</Tooltip>
    <Controls>
      <Control ID="OptionalHolePunchStatic">OptionalHolePunch
        <Tooltip>OptionalHolePunch Tooltip</Tooltip>
      </Control>
      <Control ID="OptionalHolePunchCombo">
        <Tooltip>OptionalHolePunch Combo Tooltip</Tooltip>
      </Control>
    </Controls>
  </Feature>

  <Feature ID="BookletFinishing" NAME="Booklet Finishing">
    <Help>Html\Booklet Finishing.htm</Help>
    <Tooltip>Booklet Finishing Tooltip</Tooltip>
    <Controls>
      <Control ID="BookletFinishingStatic">Booklet Finishing
        <Tooltip>Booklet Finishing Tooltip</Tooltip>
      </Control>
      <Control ID="BookletFinishingCombo">
        <Tooltip>Booklet Finishing Combo Tooltip</Tooltip>
      </Control>
    </Controls>
  </Feature>
</Features>